Title 品名,URL 網頁,objectID,image_code,image_id,image_url
寒林圖,https://digitalarchive.npm.gov.tw/Painting/Content?pid=1198&Dept=P,1198,1381313543,617105,https://digitalarchive.npm.gov.tw/Image/Download?imageId=617105&dept=P&cid=1198&code=1381313543
群峰霽雪,https://digitalarchive.npm.gov.tw/Painting/Content?pid=1266&Dept=P,1266,2108959647,668168,https://digitalarchive.npm.gov.tw/Image/Download?imageId=668168&dept=P&cid=1266&code=2108959647
寒江釣艇,https://digitalarchive.npm.gov.tw/Painting/Content?pid=1223&Dept=P,1223,33840503951,547298,https://digitalarchive.npm.gov.tw/Image/Download?imageId=547298&dept=P&cid=1223&code=33840503951
臨流獨坐圖,https://digitalarchive.npm.gov.tw/Painting/Content?pid=45&Dept=P,45,1488349990,897995,https://digitalarchive.npm.gov.tw/Image/Download?imageId=897995&dept=P&cid=45&code=1488349990
山鷓棘雀圖,https://digitalarchive.npm.gov.tw/Painting/Content?pid=46&Dept=P,46,1301078236,637547,https://digitalarchive.npm.gov.tw/Image/Download?imageId=637547&dept=P&cid=46&code=1301078236
雪霽江行圖,https://digitalarchive.npm.gov.tw/Painting/Content?pid=13943&Dept=P,13943,1739776367,611046,https://digitalarchive.npm.gov.tw/Image/Download?imageId=611046&dept=P&cid=13943&code=1739776367
長堤歸牧,https://digitalarchive.npm.gov.tw/Painting/Content?pid=13944&Dept=P,13944,1425926072,669231,https://digitalarchive.npm.gov.tw/Image/Download?imageId=669231&dept=P&cid=13944&code=1425926072
溪山樓觀,https://digitalarchive.npm.gov.tw/Painting/Content?pid=1229&Dept=P,1229,362820648,644553,https://digitalarchive.npm.gov.tw/Image/Download?imageId=644553&dept=P&cid=1229&code=362820648
秋山琳宇圖,https://digitalarchive.npm.gov.tw/Painting/Content?pid=1300&Dept=P,1300,1119166710,644568,https://digitalarchive.npm.gov.tw/Image/Download?imageId=644568&dept=P&cid=1300&code=1119166710
關山密雪圖,https://digitalarchive.npm.gov.tw/Painting/Content?pid=1277&Dept=P,1277,1861162793,669253,https://digitalarchive.npm.gov.tw/Image/Download?imageId=669253&dept=P&cid=1277&code=1861162793
歲朝圖,https://digitalarchive.npm.gov.tw/Painting/Content?pid=1227&Dept=P,1227,78845581715,598146,https://digitalarchive.npm.gov.tw/Image/Download?imageId=598146&dept=P&cid=1227&code=78845581715
四喜圖,https://digitalarchive.npm.gov.tw/Painting/Content?pid=13945&Dept=P,13945,469857095,655557,https://digitalarchive.npm.gov.tw/Image/Download?imageId=655557&dept=P&cid=13945&code=469857095
寒巖積雪,https://digitalarchive.npm.gov.tw/Painting/Content?pid=13946&Dept=P,13946,1727325206,669275,https://digitalarchive.npm.gov.tw/Image/Download?imageId=669275&dept=P&cid=13946&code=1727325206
早春圖,https://digitalarchive.npm.gov.tw/Painting/Content?pid=47&Dept=P,47,1497171628,904172,https://digitalarchive.npm.gov.tw/Image/Download?imageId=904172&dept=P&cid=47&code=1497171628
關山春雪圖,https://digitalarchive.npm.gov.tw/Painting/Content?pid=1280&Dept=P,1280,1233294090,617116,https://digitalarchive.npm.gov.tw/Image/Download?imageId=617116&dept=P&cid=1280&code=1233294090
雪山行旅圖,https://digitalarchive.npm.gov.tw/Painting/Content?pid=13947&Dept=P,13947,1454457917,620058,https://digitalarchive.npm.gov.tw/Image/Download?imageId=620058&dept=P&cid=13947&code=1454457917
白蘆雁,https://digitalarchive.npm.gov.tw/Painting/Content?pid=1292&Dept=P,1292,780245980,669342,https://digitalarchive.npm.gov.tw/Image/Download?imageId=669342&dept=P&cid=1292&code=780245980
溪山秋色圖,https://digitalarchive.npm.gov.tw/Painting/Content?pid=1177&Dept=P,1177,69807570777,547363,https://digitalarchive.npm.gov.tw/Image/Download?imageId=547363&dept=P&cid=1177&code=69807570777
畫鷹,https://digitalarchive.npm.gov.tw/Painting/Content?pid=1263&Dept=P,1263,700010673,669377,https://digitalarchive.npm.gov.tw/Image/Download?imageId=669377&dept=P&cid=1263&code=700010673
仁壽圖,https://digitalarchive.npm.gov.tw/Painting/Content?pid=1311&Dept=P,1311,430604794,669385,https://digitalarchive.npm.gov.tw/Image/Download?imageId=669385&dept=P&cid=1311&code=430604794
老子騎牛圖,https://digitalarchive.npm.gov.tw/Painting/Content?pid=1185&Dept=P,1185,842669898,669391,https://digitalarchive.npm.gov.tw/Image/Download?imageId=669391&dept=P&cid=1185&code=842669898
春山圖,https://digitalarchive.npm.gov.tw/Painting/Content?pid=1328&Dept=P,1328,949706345,624836,https://digitalarchive.npm.gov.tw/Image/Download?imageId=624836&dept=P&cid=1328&code=949706345
漢宮圖,https://digitalarchive.npm.gov.tw/Painting/Content?pid=39&Dept=P,39,41261836695,547376,https://digitalarchive.npm.gov.tw/Image/Download?imageId=547376&dept=P&cid=39&code=41261836695
煙嵐蕭寺,https://digitalarchive.npm.gov.tw/Painting/Content?pid=13954&Dept=P,13954,1404485160,870058,https://digitalarchive.npm.gov.tw/Image/Download?imageId=870058&dept=P&cid=13954&code=1404485160
雪江圖,https://digitalarchive.npm.gov.tw/Painting/Content?pid=13955&Dept=P,13955,994318874,655567,https://digitalarchive.npm.gov.tw/Image/Download?imageId=655567&dept=P&cid=13955&code=994318874
畫花鳥,https://digitalarchive.npm.gov.tw/Painting/Content?pid=917&Dept=P,917,589344703,870075,https://digitalarchive.npm.gov.tw/Image/Download?imageId=870075&dept=P&cid=917&code=589344703
風雨歸牧,https://digitalarchive.npm.gov.tw/Painting/Content?pid=918&Dept=P,918,72276471325,547393,https://digitalarchive.npm.gov.tw/Image/Download?imageId=547393&dept=P&cid=918&code=72276471325
十全報喜,https://digitalarchive.npm.gov.tw/Painting/Content?pid=1402&Dept=P,1402,352100192,870124,https://digitalarchive.npm.gov.tw/Image/Download?imageId=870124&dept=P&cid=1402&code=352100192
西湖柳艇圖,https://digitalarchive.npm.gov.tw/Painting/Content?pid=1222&Dept=P,1222,305756958,664742,https://digitalarchive.npm.gov.tw/Image/Download?imageId=664742&dept=P&cid=1222&code=305756958
山水,https://digitalarchive.npm.gov.tw/Painting/Content?pid=1233&Dept=P,1233,516200329,668187,https://digitalarchive.npm.gov.tw/Image/Download?imageId=668187&dept=P&cid=1233&code=516200329
畫王建宮詞圖,https://digitalarchive.npm.gov.tw/Painting/Content?pid=13966&Dept=P,13966,1153058783,882783,https://digitalarchive.npm.gov.tw/Image/Download?imageId=882783&dept=P&cid=13966&code=1153058783
秋浦歸漁圖,https://digitalarchive.npm.gov.tw/Painting/Content?pid=13960&Dept=P,13960,575162837,882713,https://digitalarchive.npm.gov.tw/Image/Download?imageId=882713&dept=P&cid=13960&code=575162837
板橋踏雪圖,https://digitalarchive.npm.gov.tw/Painting/Content?pid=13961&Dept=P,13961,931894956,928391,https://digitalarchive.npm.gov.tw/Image/Download?imageId=928391&dept=P&cid=13961&code=931894956
畫秋江漁隱,https://digitalarchive.npm.gov.tw/Painting/Content?pid=13962&Dept=P,13962,708832311,882721,https://digitalarchive.npm.gov.tw/Image/Download?imageId=882721&dept=P&cid=13962&code=708832311
華燈侍宴圖,https://digitalarchive.npm.gov.tw/Painting/Content?pid=1357&Dept=P,1357,1240385023,629639,https://digitalarchive.npm.gov.tw/Image/Download?imageId=629639&dept=P&cid=1357&code=1240385023
溪山行旅圖,https://digitalarchive.npm.gov.tw/Painting/Content?pid=1481&Dept=P,1481,1324249853,882742,https://digitalarchive.npm.gov.tw/Image/Download?imageId=882742&dept=P&cid=1481&code=1324249853
補衲圖,https://digitalarchive.npm.gov.tw/Painting/Content?pid=939&Dept=P,939,327197870,882670,https://digitalarchive.npm.gov.tw/Image/Download?imageId=882670&dept=P&cid=939&code=327197870
醉僧圖,https://digitalarchive.npm.gov.tw/Painting/Content?pid=14346&Dept=P,14346,739262974,882680,https://digitalarchive.npm.gov.tw/Image/Download?imageId=882680&dept=P&cid=14346&code=739262974
圍爐博古圖,https://digitalarchive.npm.gov.tw/Painting/Content?pid=1356&Dept=P,1356,441325250,547410,https://digitalarchive.npm.gov.tw/Image/Download?imageId=547410&dept=P&cid=1356&code=441325250
蓬壺仙侶圖,https://digitalarchive.npm.gov.tw/Painting/Content?pid=14347&Dept=P,14347,1256465707,669436,https://digitalarchive.npm.gov.tw/Image/Download?imageId=669436&dept=P&cid=14347&code=1256465707
絲綸圖,https://digitalarchive.npm.gov.tw/Painting/Content?pid=14349&Dept=P,14349,328928575,669448,https://digitalarchive.npm.gov.tw/Image/Download?imageId=669448&dept=P&cid=14349&code=328928575
畫羅漢,https://digitalarchive.npm.gov.tw/Painting/Content?pid=72&Dept=P,72,23725262859,547417,https://digitalarchive.npm.gov.tw/Image/Download?imageId=547417&dept=P&cid=72&code=23725262859
畫盧仝烹茶圖,https://digitalarchive.npm.gov.tw/Painting/Content?pid=1334&Dept=P,1334,1677352449,882823,https://digitalarchive.npm.gov.tw/Image/Download?imageId=882823&dept=P&cid=1334&code=1677352449
畫荔枝,https://digitalarchive.npm.gov.tw/Painting/Content?pid=14803&Dept=P,14803,1438377233,882830,https://digitalarchive.npm.gov.tw/Image/Download?imageId=882830&dept=P&cid=14803&code=1438377233
秋瓜圖,https://digitalarchive.npm.gov.tw/Painting/Content?pid=1232&Dept=P,1232,1659541060,882836,https://digitalarchive.npm.gov.tw/Image/Download?imageId=882836&dept=P&cid=1232&code=1659541060
三蔬圖,https://digitalarchive.npm.gov.tw/Painting/Content?pid=13970&Dept=P,13970,2123309626,629652,https://digitalarchive.npm.gov.tw/Image/Download?imageId=629652&dept=P&cid=13970&code=2123309626
春山瑞松,https://digitalarchive.npm.gov.tw/Painting/Content?pid=1245&Dept=P,1245,1352781698,882842,https://digitalarchive.npm.gov.tw/Image/Download?imageId=882842&dept=P&cid=1245&code=1352781698
華燈侍宴圖,https://digitalarchive.npm.gov.tw/Painting/Content?pid=1445&Dept=P,1445,59935296817,547537,https://digitalarchive.npm.gov.tw/Image/Download?imageId=547537&dept=P&cid=1445&code=59935296817
窠木竹石,https://digitalarchive.npm.gov.tw/Painting/Content?pid=477&Dept=P,477,90676414339,598189,https://digitalarchive.npm.gov.tw/Image/Download?imageId=598189&dept=P&cid=477&code=90676414339
臨黃筌蓮塘圖,https://digitalarchive.npm.gov.tw/Painting/Content?pid=994&Dept=P,994,1509790902,613283,https://digitalarchive.npm.gov.tw/Image/Download?imageId=613283&dept=P&cid=994&code=1509790902
吹簫士女圖,https://digitalarchive.npm.gov.tw/Painting/Content?pid=478&Dept=P,478,320106937,920974,https://digitalarchive.npm.gov.tw/Image/Download?imageId=920974&dept=P&cid=478&code=320106937
竹石,https://digitalarchive.npm.gov.tw/Painting/Content?pid=483&Dept=P,483,1795109352,655579,https://digitalarchive.npm.gov.tw/Image/Download?imageId=655579&dept=P&cid=483&code=1795109352
江山放艇圖,https://digitalarchive.npm.gov.tw/Painting/Content?pid=497&Dept=P,497,2139390310,655585,https://digitalarchive.npm.gov.tw/Image/Download?imageId=655585&dept=P&cid=497&code=2139390310
採菱圖,https://digitalarchive.npm.gov.tw/Painting/Content?pid=494&Dept=P,494,1779028668,920988,https://digitalarchive.npm.gov.tw/Image/Download?imageId=920988&dept=P&cid=494&code=1779028668
春郊遊騎圖,https://digitalarchive.npm.gov.tw/Painting/Content?pid=500&Dept=P,500,560812858,655596,https://digitalarchive.npm.gov.tw/Image/Download?imageId=655596&dept=P&cid=500&code=560812858
駿馬圖,https://digitalarchive.npm.gov.tw/Painting/Content?pid=496&Dept=P,496,59227839625,547633,https://digitalarchive.npm.gov.tw/Image/Download?imageId=547633&dept=P&cid=496&code=59227839625
雨山圖,https://digitalarchive.npm.gov.tw/Painting/Content?pid=464&Dept=P,464,63152219,871002,https://digitalarchive.npm.gov.tw/Image/Download?imageId=871002&dept=P&cid=464&code=63152219
林巒烟雨圖,https://digitalarchive.npm.gov.tw/Painting/Content?pid=450&Dept=P,450,79232903,644577,https://digitalarchive.npm.gov.tw/Image/Download?imageId=644577&dept=P&cid=450&code=79232903
雲橫秀嶺,https://digitalarchive.npm.gov.tw/Painting/Content?pid=465&Dept=P,465,1218944111,635078,https://digitalarchive.npm.gov.tw/Image/Download?imageId=635078&dept=P&cid=465&code=1218944111
畫春山晴雨,https://digitalarchive.npm.gov.tw/Painting/Content?pid=443&Dept=P,443,526920785,871009,https://digitalarchive.npm.gov.tw/Image/Download?imageId=871009&dept=P&cid=443&code=526920785
雲巒飛瀑圖,https://digitalarchive.npm.gov.tw/Painting/Content?pid=880&Dept=P,880,72141970,644584,https://digitalarchive.npm.gov.tw/Image/Download?imageId=644584&dept=P&cid=880&code=72141970
四季平安圖,https://digitalarchive.npm.gov.tw/Painting/Content?pid=442&Dept=P,442,418153633,921030,https://digitalarchive.npm.gov.tw/Image/Download?imageId=921030&dept=P&cid=442&code=418153633
喬松竹石,https://digitalarchive.npm.gov.tw/Painting/Content?pid=503&Dept=P,503,717822062,921035,https://digitalarchive.npm.gov.tw/Image/Download?imageId=921035&dept=P&cid=503&code=717822062
溪鳧圖,https://digitalarchive.npm.gov.tw/Painting/Content?pid=485&Dept=P,485,33686535427,547653,https://digitalarchive.npm.gov.tw/Image/Download?imageId=547653&dept=P&cid=485&code=33686535427
積雪圖,https://digitalarchive.npm.gov.tw/Painting/Content?pid=469&Dept=P,469,1818280969,921060,https://digitalarchive.npm.gov.tw/Image/Download?imageId=921060&dept=P&cid=469&code=1818280969
畫羅漢,https://digitalarchive.npm.gov.tw/Painting/Content?pid=893&Dept=P,893,1392033999,921071,https://digitalarchive.npm.gov.tw/Image/Download?imageId=921071&dept=P&cid=893&code=1392033999
嵩陽訪真圖,https://digitalarchive.npm.gov.tw/Painting/Content?pid=1104&Dept=P,1104,733902746,921076,https://digitalarchive.npm.gov.tw/Image/Download?imageId=921076&dept=P&cid=1104&code=733902746
杏雨浴禽圖,https://digitalarchive.npm.gov.tw/Painting/Content?pid=684&Dept=P,684,1541784157,921086,https://digitalarchive.npm.gov.tw/Image/Download?imageId=921086&dept=P&cid=684&code=1541784157
谿亭山色圖,https://digitalarchive.npm.gov.tw/Painting/Content?pid=862&Dept=P,862,277225113,921094,https://digitalarchive.npm.gov.tw/Image/Download?imageId=921094&dept=P&cid=862&code=277225113
晚香高節,https://digitalarchive.npm.gov.tw/Painting/Content?pid=713&Dept=P,713,1245745251,871015,https://digitalarchive.npm.gov.tw/Image/Download?imageId=871015&dept=P&cid=713&code=1245745251
畫竹,https://digitalarchive.npm.gov.tw/Painting/Content?pid=716&Dept=P,716,184538645,644588,https://digitalarchive.npm.gov.tw/Image/Download?imageId=644588&dept=P&cid=716&code=184538645
烟嵐秋澗,https://digitalarchive.npm.gov.tw/Painting/Content?pid=1256&Dept=P,1256,1392033999,655604,https://digitalarchive.npm.gov.tw/Image/Download?imageId=655604&dept=P&cid=1256&code=1392033999
林下鳴琴,https://digitalarchive.npm.gov.tw/Painting/Content?pid=504&Dept=P,504,938985889,871021,https://digitalarchive.npm.gov.tw/Image/Download?imageId=871021&dept=P&cid=504&code=938985889
畫古木飛泉,https://digitalarchive.npm.gov.tw/Painting/Content?pid=695&Dept=P,695,988958646,921112,https://digitalarchive.npm.gov.tw/Image/Download?imageId=921112&dept=P&cid=695&code=988958646
畫樹石,https://digitalarchive.npm.gov.tw/Painting/Content?pid=697&Dept=P,697,1504430674,664762,https://digitalarchive.npm.gov.tw/Image/Download?imageId=664762&dept=P&cid=697&code=1504430674
秋山行旅圖,https://digitalarchive.npm.gov.tw/Painting/Content?pid=1153&Dept=P,1153,607156092,921120,https://digitalarchive.npm.gov.tw/Image/Download?imageId=921120&dept=P&cid=1153&code=607156092
松亭會友圖,https://digitalarchive.npm.gov.tw/Painting/Content?pid=526&Dept=P,526,740993679,668197,https://digitalarchive.npm.gov.tw/Image/Download?imageId=668197&dept=P&cid=526&code=740993679
桃竹春禽,https://digitalarchive.npm.gov.tw/Painting/Content?pid=525&Dept=P,525,883652904,890576,https://digitalarchive.npm.gov.tw/Image/Download?imageId=890576&dept=P&cid=525&code=883652904
倣郭熙秋山行旅,https://digitalarchive.npm.gov.tw/Painting/Content?pid=524&Dept=P,524,63923865075,598200,https://digitalarchive.npm.gov.tw/Image/Download?imageId=598200&dept=P&cid=524&code=63923865075
霜浦歸漁圖,https://digitalarchive.npm.gov.tw/Painting/Content?pid=518&Dept=P,518,26075754990,547692,https://digitalarchive.npm.gov.tw/Image/Download?imageId=547692&dept=P&cid=518&code=26075754990
寫高使君意,https://digitalarchive.npm.gov.tw/Painting/Content?pid=694&Dept=P,694,525190080,890586,https://digitalarchive.npm.gov.tw/Image/Download?imageId=890586&dept=P&cid=694&code=525190080
平安磐石,https://digitalarchive.npm.gov.tw/Painting/Content?pid=513&Dept=P,513,1056742792,890593,https://digitalarchive.npm.gov.tw/Image/Download?imageId=890593&dept=P&cid=513&code=1056742792
竹石,https://digitalarchive.npm.gov.tw/Painting/Content?pid=514&Dept=P,514,1864624203,890601,https://digitalarchive.npm.gov.tw/Image/Download?imageId=890601&dept=P&cid=514&code=1864624203
春塘柳色,https://digitalarchive.npm.gov.tw/Painting/Content?pid=741&Dept=P,741,1618558054,890623,https://digitalarchive.npm.gov.tw/Image/Download?imageId=890623&dept=P&cid=741&code=1618558054
秋山疊翠,https://digitalarchive.npm.gov.tw/Painting/Content?pid=739&Dept=P,739,312847891,623575,https://digitalarchive.npm.gov.tw/Image/Download?imageId=623575&dept=P&cid=739&code=312847891
畫袁安臥雪圖,https://digitalarchive.npm.gov.tw/Painting/Content?pid=597&Dept=P,597,1969929945,921128,https://digitalarchive.npm.gov.tw/Image/Download?imageId=921128&dept=P&cid=597&code=1969929945
古壑雲松圖,https://digitalarchive.npm.gov.tw/Painting/Content?pid=744&Dept=P,744,1943128805,644599,https://digitalarchive.npm.gov.tw/Image/Download?imageId=644599&dept=P&cid=744&code=1943128805
群峰雪霽,https://digitalarchive.npm.gov.tw/Painting/Content?pid=683&Dept=P,683,90440593915,547711,https://digitalarchive.npm.gov.tw/Image/Download?imageId=547711&dept=P&cid=683&code=90440593915
疎林亭子,https://digitalarchive.npm.gov.tw/Painting/Content?pid=1078&Dept=P,1078,2082326620,890628,https://digitalarchive.npm.gov.tw/Image/Download?imageId=890628&dept=P&cid=1078&code=2082326620
貞松白雪軒圖,https://digitalarchive.npm.gov.tw/Painting/Content?pid=1080&Dept=P,1080,2119680103,890635,https://digitalarchive.npm.gov.tw/Image/Download?imageId=890635&dept=P&cid=1080&code=2119680103
雙松圖,https://digitalarchive.npm.gov.tw/Painting/Content?pid=682&Dept=P,682,2112589170,890644,https://digitalarchive.npm.gov.tw/Image/Download?imageId=890644&dept=P&cid=682&code=2112589170
天池石壁圖,https://digitalarchive.npm.gov.tw/Painting/Content?pid=1020&Dept=P,1020,74383115316,547720,https://digitalarchive.npm.gov.tw/Image/Download?imageId=547720&dept=P&cid=1020&code=74383115316
洞庭漁隱,https://digitalarchive.npm.gov.tw/Painting/Content?pid=687&Dept=P,687,915814272,890651,https://digitalarchive.npm.gov.tw/Image/Download?imageId=890651&dept=P&cid=687&code=915814272
秋江漁隱,https://digitalarchive.npm.gov.tw/Painting/Content?pid=693&Dept=P,693,1304539646,890658,https://digitalarchive.npm.gov.tw/Image/Download?imageId=890658&dept=P&cid=693&code=1304539646
漁父圖,https://digitalarchive.npm.gov.tw/Painting/Content?pid=689&Dept=P,689,46537121101,598216,https://digitalarchive.npm.gov.tw/Image/Download?imageId=598216&dept=P&cid=689&code=46537121101
篔簹清影圖,https://digitalarchive.npm.gov.tw/Painting/Content?pid=692&Dept=P,692,2003822018,890669,https://digitalarchive.npm.gov.tw/Image/Download?imageId=890669&dept=P&cid=692&code=2003822018
竹石,https://digitalarchive.npm.gov.tw/Painting/Content?pid=691&Dept=P,691,669580010,871037,https://digitalarchive.npm.gov.tw/Image/Download?imageId=871037&dept=P&cid=691&code=669580010
枯荷鸂鶒,https://digitalarchive.npm.gov.tw/Painting/Content?pid=529&Dept=P,529,1054843974,644656,https://digitalarchive.npm.gov.tw/Image/Download?imageId=644656&dept=P&cid=529&code=1054843974
桃花幽鳥,https://digitalarchive.npm.gov.tw/Painting/Content?pid=530&Dept=P,530,2028724340,635111,https://digitalarchive.npm.gov.tw/Image/Download?imageId=635111&dept=P&cid=530&code=2028724340
寫生花鳥,https://digitalarchive.npm.gov.tw/Painting/Content?pid=532&Dept=P,532,159468210,885989,https://digitalarchive.npm.gov.tw/Image/Download?imageId=885989&dept=P&cid=532&code=159468210
畫秋林小隱,https://digitalarchive.npm.gov.tw/Painting/Content?pid=533&Dept=P,533,1761217279,886000,https://digitalarchive.npm.gov.tw/Image/Download?imageId=886000&dept=P&cid=533&code=1761217279
仙山樓觀,https://digitalarchive.npm.gov.tw/Painting/Content?pid=535&Dept=P,535,17828137860,598247,https://digitalarchive.npm.gov.tw/Image/Download?imageId=598247&dept=P&cid=535&code=17828137860
彌陀佛像,https://digitalarchive.npm.gov.tw/Painting/Content?pid=870&Dept=P,870,1903876504,886024,https://digitalarchive.npm.gov.tw/Image/Download?imageId=886024&dept=P&cid=870&code=1903876504
瑤池仙慶,https://digitalarchive.npm.gov.tw/Painting/Content?pid=537&Dept=P,537,1477629534,886032,https://digitalarchive.npm.gov.tw/Image/Download?imageId=886032&dept=P&cid=537&code=1477629534
五瑞圖,https://digitalarchive.npm.gov.tw/Painting/Content?pid=536&Dept=P,536,676839056,886014,https://digitalarchive.npm.gov.tw/Image/Download?imageId=886014&dept=P&cid=536&code=676839056
畫南枝春早,https://digitalarchive.npm.gov.tw/Painting/Content?pid=544&Dept=P,544,66793256260,598264,https://digitalarchive.npm.gov.tw/Image/Download?imageId=598264&dept=P&cid=544&code=66793256260
畫南枝春早,https://digitalarchive.npm.gov.tw/Painting/Content?pid=545&Dept=P,545,1359872631,993621,https://digitalarchive.npm.gov.tw/Image/Download?imageId=993621&dept=P&cid=545&code=1359872631
古木竹石,https://digitalarchive.npm.gov.tw/Painting/Content?pid=696&Dept=P,696,22169213,895179,https://digitalarchive.npm.gov.tw/Image/Download?imageId=895179&dept=P&cid=696&code=22169213
雪山蕭寺圖,https://digitalarchive.npm.gov.tw/Painting/Content?pid=1186&Dept=P,1186,91684064,668247,https://digitalarchive.npm.gov.tw/Image/Download?imageId=668247&dept=P&cid=1186&code=91684064
谿山行旅圖,https://digitalarchive.npm.gov.tw/Painting/Content?pid=1195&Dept=P,1195,154107982,925436,https://digitalarchive.npm.gov.tw/Image/Download?imageId=925436&dept=P&cid=1195&code=154107982
雪溪漁父,https://digitalarchive.npm.gov.tw/Painting/Content?pid=1248&Dept=P,1248,1664901288,974897,https://digitalarchive.npm.gov.tw/Image/Download?imageId=974897&dept=P&cid=1248&code=1664901288
墨竹,https://digitalarchive.npm.gov.tw/Painting/Content?pid=49&Dept=P,49,1338431719,925472,https://digitalarchive.npm.gov.tw/Image/Download?imageId=925472&dept=P&cid=49&code=1338431719
文會圖,https://digitalarchive.npm.gov.tw/Painting/Content?pid=50&Dept=P,50,193360283,925484,https://digitalarchive.npm.gov.tw/Image/Download?imageId=925484&dept=P&cid=50&code=193360283
畫雪景,https://digitalarchive.npm.gov.tw/Painting/Content?pid=14323&Dept=P,14323,1477629534,1161617,https://digitalarchive.npm.gov.tw/Image/Download?imageId=1161617&dept=P&cid=14323&code=1477629534
秋庭戲嬰圖,https://digitalarchive.npm.gov.tw/Painting/Content?pid=34&Dept=P,34,1773668440,925502,https://digitalarchive.npm.gov.tw/Image/Download?imageId=925502&dept=P&cid=34&code=1773668440
摹范寬廬山圖,https://digitalarchive.npm.gov.tw/Painting/Content?pid=1391&Dept=P,1391,220161423,668271,https://digitalarchive.npm.gov.tw/Image/Download?imageId=668271&dept=P&cid=1391&code=220161423
唐五學士圖,https://digitalarchive.npm.gov.tw/Painting/Content?pid=1217&Dept=P,1217,64150396175,549450,https://digitalarchive.npm.gov.tw/Image/Download?imageId=549450&dept=P&cid=1217&code=64150396175
畫雪景,https://digitalarchive.npm.gov.tw/Painting/Content?pid=14004&Dept=P,14004,154107982,928423,https://digitalarchive.npm.gov.tw/Image/Download?imageId=928423&dept=P&cid=14004&code=154107982
畫元世祖出獵圖,https://digitalarchive.npm.gov.tw/Painting/Content?pid=745&Dept=P,745,45366273178,549534,https://digitalarchive.npm.gov.tw/Image/Download?imageId=549534&dept=P&cid=745&code=45366273178
清江春曉,https://digitalarchive.npm.gov.tw/Painting/Content?pid=778&Dept=P,778,1126257643,655706,https://digitalarchive.npm.gov.tw/Image/Download?imageId=655706&dept=P&cid=778&code=1126257643
雙松圖,https://digitalarchive.npm.gov.tw/Painting/Content?pid=775&Dept=P,775,64623666945,549553,https://digitalarchive.npm.gov.tw/Image/Download?imageId=549553&dept=P&cid=775&code=64623666945
萬壑松風圖,https://digitalarchive.npm.gov.tw/Painting/Content?pid=33&Dept=P,33,405702472,1149570,https://digitalarchive.npm.gov.tw/Image/Download?imageId=1149570&dept=P&cid=33&code=405702472
古木散馬圖,https://digitalarchive.npm.gov.tw/Painting/Content?pid=934&Dept=P,934,75431834538,549748,https://digitalarchive.npm.gov.tw/Image/Download?imageId=549748&dept=P&cid=934&code=75431834538
蘇李別意,https://digitalarchive.npm.gov.tw/Painting/Content?pid=14731&Dept=P,14731,667849305,550105,https://digitalarchive.npm.gov.tw/Image/Download?imageId=550105&dept=P&cid=14731&code=667849305
免冑圖,https://digitalarchive.npm.gov.tw/Painting/Content?pid=1294&Dept=P,1294,28801599923,550163,https://digitalarchive.npm.gov.tw/Image/Download?imageId=550163&dept=P&cid=1294&code=28801599923
雲山得意圖,https://digitalarchive.npm.gov.tw/Painting/Content?pid=14438&Dept=P,14438,44058761682,550197,https://digitalarchive.npm.gov.tw/Image/Download?imageId=550197&dept=P&cid=14438&code=44058761682
長江萬里圖,https://digitalarchive.npm.gov.tw/Painting/Content?pid=14413&Dept=P,14413,1882435592,550237,https://digitalarchive.npm.gov.tw/Image/Download?imageId=550237&dept=P&cid=14413&code=1882435592
畫馬,https://digitalarchive.npm.gov.tw/Painting/Content?pid=14015&Dept=P,14015,54139732855,550277,https://digitalarchive.npm.gov.tw/Image/Download?imageId=550277&dept=P&cid=14015&code=54139732855
桃枝松鼠,https://digitalarchive.npm.gov.tw/Painting/Content?pid=31&Dept=P,31,56066365776,550285,https://digitalarchive.npm.gov.tw/Image/Download?imageId=550285&dept=P&cid=31&code=56066365776
寶津競渡圖,https://digitalarchive.npm.gov.tw/Painting/Content?pid=1107&Dept=P,1107,14951976295,550308,https://digitalarchive.npm.gov.tw/Image/Download?imageId=550308&dept=P&cid=1107&code=14951976295
畫明皇會棋圖,https://digitalarchive.npm.gov.tw/Painting/Content?pid=14495&Dept=P,14495,1884334410,550470,https://digitalarchive.npm.gov.tw/Image/Download?imageId=550470&dept=P&cid=14495&code=1884334410
猴貓圖,https://digitalarchive.npm.gov.tw/Painting/Content?pid=15552&Dept=P,15552,145286344,550494,https://digitalarchive.npm.gov.tw/Image/Download?imageId=550494&dept=P&cid=15552&code=145286344
花陰玉兔,https://digitalarchive.npm.gov.tw/Painting/Content?pid=14016&Dept=P,14016,87518513779,550513,https://digitalarchive.npm.gov.tw/Image/Download?imageId=550513&dept=P&cid=14016&code=87518513779
畫麗人行,https://digitalarchive.npm.gov.tw/Painting/Content?pid=1298&Dept=P,1298,382530855,550530,https://digitalarchive.npm.gov.tw/Image/Download?imageId=550530&dept=P&cid=1298&code=382530855
寫生翎毛,https://digitalarchive.npm.gov.tw/Painting/Content?pid=17549&Dept=P,17549,328928575,550573,https://digitalarchive.npm.gov.tw/Image/Download?imageId=550573&dept=P&cid=17549&code=328928575
瀛山圖,https://digitalarchive.npm.gov.tw/Painting/Content?pid=14434&Dept=P,14434,1759486574,614178,https://digitalarchive.npm.gov.tw/Image/Download?imageId=614178&dept=P&cid=14434&code=1759486574
江山小景,https://digitalarchive.npm.gov.tw/Painting/Content?pid=14436&Dept=P,14436,1702422884,550664,https://digitalarchive.npm.gov.tw/Image/Download?imageId=550664&dept=P&cid=14436&code=1702422884
清溪漁隱,https://digitalarchive.npm.gov.tw/Painting/Content?pid=591&Dept=P,591,1754126346,550682,https://digitalarchive.npm.gov.tw/Image/Download?imageId=550682&dept=P&cid=591&code=1754126346
赤壁圖,https://digitalarchive.npm.gov.tw/Painting/Content?pid=32&Dept=P,32,2046535729,550703,https://digitalarchive.npm.gov.tw/Image/Download?imageId=550703&dept=P&cid=32&code=2046535729
千里江山圖,https://digitalarchive.npm.gov.tw/Painting/Content?pid=14420&Dept=P,14420,61157931701,550730,https://digitalarchive.npm.gov.tw/Image/Download?imageId=550730&dept=P&cid=14420&code=61157931701
十八學士圖,https://digitalarchive.npm.gov.tw/Painting/Content?pid=14410&Dept=P,14410,623236776,550754,https://digitalarchive.npm.gov.tw/Image/Download?imageId=550754&dept=P&cid=14410&code=623236776
蘇李別意圖,https://digitalarchive.npm.gov.tw/Painting/Content?pid=14018&Dept=P,14018,674940238,550792,https://digitalarchive.npm.gov.tw/Image/Download?imageId=550792&dept=P&cid=14018&code=674940238
魚藻圖,https://digitalarchive.npm.gov.tw/Painting/Content?pid=14430&Dept=P,14430,674940238,550803,https://digitalarchive.npm.gov.tw/Image/Download?imageId=550803&dept=P&cid=14430&code=674940238
擣衣圖,https://digitalarchive.npm.gov.tw/Painting/Content?pid=618&Dept=P,618,84410620441,550833,https://digitalarchive.npm.gov.tw/Image/Download?imageId=550833&dept=P&cid=618&code=84410620441
煙江待渡圖,https://digitalarchive.npm.gov.tw/Painting/Content?pid=14400&Dept=P,14400,22032975468,550874,https://digitalarchive.npm.gov.tw/Image/Download?imageId=550874&dept=P&cid=14400&code=22032975468
蘭亭觀鵝圖,https://digitalarchive.npm.gov.tw/Painting/Content?pid=14409&Dept=P,14409,31476562939,563234,https://digitalarchive.npm.gov.tw/Image/Download?imageId=563234&dept=P&cid=14409&code=31476562939
畫牡丹,https://digitalarchive.npm.gov.tw/Painting/Content?pid=14431&Dept=P,14431,21412171315,563248,https://digitalarchive.npm.gov.tw/Image/Download?imageId=563248&dept=P&cid=14431&code=21412171315
重江疊嶂,https://digitalarchive.npm.gov.tw/Painting/Content?pid=942&Dept=P,942,93525733212,563625,https://digitalarchive.npm.gov.tw/Image/Download?imageId=563625&dept=P&cid=942&code=93525733212
鵲華秋色,https://digitalarchive.npm.gov.tw/Painting/Content?pid=909&Dept=P,909,71700619581,563656,https://digitalarchive.npm.gov.tw/Image/Download?imageId=563656&dept=P&cid=909&code=71700619581
甕牖圖,https://digitalarchive.npm.gov.tw/Painting/Content?pid=625&Dept=P,625,68515277638,563679,https://digitalarchive.npm.gov.tw/Image/Download?imageId=563679&dept=P&cid=625&code=68515277638
龍池競渡圖,https://digitalarchive.npm.gov.tw/Painting/Content?pid=1129&Dept=P,1129,441325250,563702,https://digitalarchive.npm.gov.tw/Image/Download?imageId=563702&dept=P&cid=1129&code=441325250
雪竹,https://digitalarchive.npm.gov.tw/Painting/Content?pid=1159&Dept=P,1159,76830097140,563724,https://digitalarchive.npm.gov.tw/Image/Download?imageId=563724&dept=P&cid=1159&code=76830097140
聚芳亭圖,https://digitalarchive.npm.gov.tw/Painting/Content?pid=1161&Dept=P,1161,35008324820,563756,https://digitalarchive.npm.gov.tw/Image/Download?imageId=563756&dept=P&cid=1161&code=35008324820
富春山居圖,https://digitalarchive.npm.gov.tw/Painting/Content?pid=1194&Dept=P,1194,37243507143,563798,https://digitalarchive.npm.gov.tw/Image/Download?imageId=563798&dept=P&cid=1194&code=37243507143
富春山居圖,https://digitalarchive.npm.gov.tw/Painting/Content?pid=1193&Dept=P,1193,76199066157,563891,https://digitalarchive.npm.gov.tw/Image/Download?imageId=563891&dept=P&cid=1193&code=76199066157
書女孝經(補圖上卷),"https://digitalarchive.npm.gov.tw/Painting/Content?pid=14902&Dept=P",14902,1896785571,565525,https://digitalarchive.npm.gov.tw/Image/Download?imageId=565525&dept=P&cid=14902&code=1896785571
書女孝經(補圖上卷 開宗明義章第一),"https://digitalarchive.npm.gov.tw/Painting/Content?pid=17480&Dept=P",17480,1896785571,565525,https://digitalarchive.npm.gov.tw/Image/Download?imageId=565525&dept=P&cid=17480&code=1896785571
書女孝經(補圖上卷 后妃章第二),"https://digitalarchive.npm.gov.tw/Painting/Content?pid=17479&Dept=P",17479,1896785571,565525,https://digitalarchive.npm.gov.tw/Image/Download?imageId=565525&dept=P&cid=17479&code=1896785571
書女孝經(補圖上卷 夫人章第三),https://digitalarchive.npm.gov.tw/Painting/Content?pid=17481&Dept=P,17481,1896785571,565525,https://digitalarchive.npm.gov.tw/Image/Download?imageId=565525&dept=P&cid=17481&code=1896785571
書女孝經(補圖上卷 邦君章第四),https://digitalarchive.npm.gov.tw/Painting/Content?pid=17482&Dept=P,17482,1896785571,565525,https://digitalarchive.npm.gov.tw/Image/Download?imageId=565525&dept=P&cid=17482&code=1896785571
書女孝經(補圖上卷 庶人章第五),https://digitalarchive.npm.gov.tw/Painting/Content?pid=17483&Dept=P,17483,1896785571,565525,https://digitalarchive.npm.gov.tw/Image/Download?imageId=565525&dept=P&cid=17483&code=1896785571
書女孝經(補圖上卷 事舅姑章第六),https://digitalarchive.npm.gov.tw/Painting/Content?pid=17484&Dept=P,17484,1896785571,565525,https://digitalarchive.npm.gov.tw/Image/Download?imageId=565525&dept=P&cid=17484&code=1896785571
書女孝經(補圖上卷 三才章第七),https://digitalarchive.npm.gov.tw/Painting/Content?pid=17485&Dept=P,17485,1896785571,565525,https://digitalarchive.npm.gov.tw/Image/Download?imageId=565525&dept=P&cid=17485&code=1896785571
書女孝經(補圖上卷 孝治章第八),https://digitalarchive.npm.gov.tw/Painting/Content?pid=17486&Dept=P,17486,1896785571,565525,https://digitalarchive.npm.gov.tw/Image/Download?imageId=565525&dept=P&cid=17486&code=1896785571
書女孝經(補圖上卷 賢明章第九),https://digitalarchive.npm.gov.tw/Painting/Content?pid=17487&Dept=P,17487,1896785571,565525,https://digitalarchive.npm.gov.tw/Image/Download?imageId=565525&dept=P&cid=17487&code=1896785571
煙雨叢竹,https://digitalarchive.npm.gov.tw/Painting/Content?pid=17466&Dept=P,17466,53272725205,565796,https://digitalarchive.npm.gov.tw/Image/Download?imageId=565796&dept=P&cid=17466&code=53272725205
梅竹雙清,https://digitalarchive.npm.gov.tw/Painting/Content?pid=1352&Dept=P,1352,53113846166,565568,https://digitalarchive.npm.gov.tw/Image/Download?imageId=565568&dept=P&cid=1352&code=53113846166
相鶴圖經合璧,https://digitalarchive.npm.gov.tw/Painting/Content?pid=1427&Dept=P,1427,1351050993,869450,https://digitalarchive.npm.gov.tw/Image/Download?imageId=869450&dept=P&cid=1427&code=1351050993
題倪瓚像,https://digitalarchive.npm.gov.tw/Painting/Content?pid=1429&Dept=P,1429,14162461103,565595,https://digitalarchive.npm.gov.tw/Image/Download?imageId=565595&dept=P&cid=1429&code=14162461103
枯木竹石,https://digitalarchive.npm.gov.tw/Painting/Content?pid=17465&Dept=P,17465,53272725205,565796,https://digitalarchive.npm.gov.tw/Image/Download?imageId=565796&dept=P&cid=17465&code=53272725205
煙雨叢竹,https://digitalarchive.npm.gov.tw/Painting/Content?pid=17466&Dept=P,17466,53272725205,565796,https://digitalarchive.npm.gov.tw/Image/Download?imageId=565796&dept=P&cid=17466&code=53272725205
中山圖,https://digitalarchive.npm.gov.tw/Painting/Content?pid=17468&Dept=P,17468,53272725205,565796,https://digitalarchive.npm.gov.tw/Image/Download?imageId=565796&dept=P&cid=17468&code=53272725205
山水,https://digitalarchive.npm.gov.tw/Painting/Content?pid=17471&Dept=P,17471,53272725205,565796,https://digitalarchive.npm.gov.tw/Image/Download?imageId=565796&dept=P&cid=17471&code=53272725205
翠雨軒圖,https://digitalarchive.npm.gov.tw/Painting/Content?pid=17472&Dept=P,17472,53272725205,565796,https://digitalarchive.npm.gov.tw/Image/Download?imageId=565796&dept=P&cid=17472&code=53272725205
安處齋圖,https://digitalarchive.npm.gov.tw/Painting/Content?pid=17467&Dept=P,17467,53272725205,565796,https://digitalarchive.npm.gov.tw/Image/Download?imageId=565796&dept=P&cid=17467&code=53272725205
陸羽烹茶圖,https://digitalarchive.npm.gov.tw/Painting/Content?pid=17470&Dept=P,17470,53272725205,565796,https://digitalarchive.npm.gov.tw/Image/Download?imageId=565796&dept=P&cid=17470&code=53272725205
文姬歸漢圖,"https://digitalarchive.npm.gov.tw/Painting/Content?pid=206&Dept=P",206,,,https://digitalarchive.npm.gov.tw/Image/Download?imageId=None&dept=P&cid=206&code=None
文姬歸漢圖 (被擄),https://digitalarchive.npm.gov.tw/Painting/Content?pid=207&Dept=P,207,49231698614,566043,https://digitalarchive.npm.gov.tw/Image/Download?imageId=566043&dept=P&cid=207&code=49231698614
姬歸漢圖 (北行),https://digitalarchive.npm.gov.tw/Painting/Content?pid=208&Dept=P,208,20394870196,566046,https://digitalarchive.npm.gov.tw/Image/Download?imageId=566046&dept=P&cid=208&code=20394870196
文姬歸漢圖 (成親),https://digitalarchive.npm.gov.tw/Painting/Content?pid=209&Dept=P,209,84978238013,566048,https://digitalarchive.npm.gov.tw/Image/Download?imageId=566048&dept=P&cid=209&code=84978238013
文姬歸漢圖 (懷鄉),https://digitalarchive.npm.gov.tw/Painting/Content?pid=210&Dept=P,210,65352636417,566050,https://digitalarchive.npm.gov.tw/Image/Download?imageId=566050&dept=P&cid=210&code=65352636417
文姬歸漢圖 (炊食),https://digitalarchive.npm.gov.tw/Painting/Content?pid=211&Dept=P,211,95394212207,566052,https://digitalarchive.npm.gov.tw/Image/Download?imageId=566052&dept=P&cid=211&code=95394212207
文姬歸漢圖 (觀星),https://digitalarchive.npm.gov.tw/Painting/Content?pid=212&Dept=P,212,56077369744,566054,https://digitalarchive.npm.gov.tw/Image/Download?imageId=566054&dept=P&cid=212&code=56077369744
文姬歸漢圖 (聽樂),https://digitalarchive.npm.gov.tw/Painting/Content?pid=213&Dept=P,213,29170384925,566056,https://digitalarchive.npm.gov.tw/Image/Download?imageId=566056&dept=P&cid=213&code=29170384925
文姬歸漢圖 (夜思),https://digitalarchive.npm.gov.tw/Painting/Content?pid=214&Dept=P,214,64966399594,566058,https://digitalarchive.npm.gov.tw/Image/Download?imageId=566058&dept=P&cid=214&code=64966399594
文姬歸漢圖 (家書),https://digitalarchive.npm.gov.tw/Painting/Content?pid=215&Dept=P,215,87438637439,566060,https://digitalarchive.npm.gov.tw/Image/Download?imageId=566060&dept=P&cid=215&code=87438637439
文姬歸漢圖 (產子),"https://digitalarchive.npm.gov.tw/Painting/Content?pid=216&Dept=P",216,36507415791,566062,https://digitalarchive.npm.gov.tw/Image/Download?imageId=566062&dept=P&cid=216&code=36507415791
文姬歸漢圖 (育兒),"https://digitalarchive.npm.gov.tw/Painting/Content?pid=217&Dept=P",217,77071672737,566064,https://digitalarchive.npm.gov.tw/Image/Download?imageId=566064&dept=P&cid=217&code=77071672737
文姬歸漢圖 (來使),https://digitalarchive.npm.gov.tw/Painting/Content?pid=218&Dept=P,218,23558260931,566066,https://digitalarchive.npm.gov.tw/Image/Download?imageId=566066&dept=P&cid=218&code=23558260931
文姬歸漢圖 (傷別),"https://digitalarchive.npm.gov.tw/Painting/Content?pid=219&Dept=P",219,58893685328,566068,https://digitalarchive.npm.gov.tw/Image/Download?imageId=566068&dept=P&cid=219&code=58893685328
文姬歸漢圖 (送行),"https://digitalarchive.npm.gov.tw/Painting/Content?pid=220&Dept=P",220,47919167992,566070,https://digitalarchive.npm.gov.tw/Image/Download?imageId=566070&dept=P&cid=220&code=47919167992
文姬歸漢圖 (別後),https://digitalarchive.npm.gov.tw/Painting/Content?pid=221&Dept=P,221,31230832414,566072,https://digitalarchive.npm.gov.tw/Image/Download?imageId=566072&dept=P&cid=221&code=31230832414
文姬歸漢圖 (歸途),https://digitalarchive.npm.gov.tw/Painting/Content?pid=222&Dept=P,222,56804381842,566074,https://digitalarchive.npm.gov.tw/Image/Download?imageId=566074&dept=P&cid=222&code=56804381842
文姬歸漢圖 (駐足),https://digitalarchive.npm.gov.tw/Painting/Content?pid=223&Dept=P,223,82791384245,566076,https://digitalarchive.npm.gov.tw/Image/Download?imageId=566076&dept=P&cid=223&code=82791384245
文姬歸漢圖 (返家),https://digitalarchive.npm.gov.tw/Painting/Content?pid=224&Dept=P,224,73336827209,566079,https://digitalarchive.npm.gov.tw/Image/Download?imageId=566079&dept=P&cid=224&code=73336827209
畫四時山水,"https://digitalarchive.npm.gov.tw/Painting/Content?pid=14019&Dept=P",14019,963888211,566082,https://digitalarchive.npm.gov.tw/Image/Download?imageId=566082&dept=P&cid=14019&code=963888211
畫四時山水 (梅齋罨翠),https://digitalarchive.npm.gov.tw/Painting/Content?pid=3795&Dept=P,3795,1218944111,566086,https://digitalarchive.npm.gov.tw/Image/Download?imageId=566086&dept=P&cid=3795&code=1218944111
畫四時山水 (荷閣浮香),https://digitalarchive.npm.gov.tw/Painting/Content?pid=3796&Dept=P,3796,45047731596,566088,https://digitalarchive.npm.gov.tw/Image/Download?imageId=566088&dept=P&cid=3796&code=45047731596
畫四時山水 (巖樹蒸霞),https://digitalarchive.npm.gov.tw/Painting/Content?pid=3797&Dept=P,3797,154107982,566090,https://digitalarchive.npm.gov.tw/Image/Download?imageId=566090&dept=P&cid=3797&code=154107982
畫四時山水 (江舟釣雪),https://digitalarchive.npm.gov.tw/Painting/Content?pid=3798&Dept=P,3798,1921687893,566092,https://digitalarchive.npm.gov.tw/Image/Download?imageId=566092&dept=P&cid=3798&code=1921687893
畫花卉,"https://digitalarchive.npm.gov.tw/Painting/Content?pid=14020&Dept=P",14020,391352493,886095,https://digitalarchive.npm.gov.tw/Image/Download?imageId=886095&dept=P&cid=14020&code=391352493
畫花卉 (蛺蝶尋芳),"https://digitalarchive.npm.gov.tw/Painting/Content?pid=3813&Dept=P",3813,644677688,886097,https://digitalarchive.npm.gov.tw/Image/Download?imageId=886097&dept=P&cid=3813&code=644677688
畫花卉 (上苑韶光),https://digitalarchive.npm.gov.tw/Painting/Content?pid=3814&Dept=P,3814,106034043,886099,https://digitalarchive.npm.gov.tw/Image/Download?imageId=886099&dept=P&cid=3814&code=106034043
畫花卉 (御園嘉卉),https://digitalarchive.npm.gov.tw/Painting/Content?pid=3815&Dept=P,3815,1714874045,886101,https://digitalarchive.npm.gov.tw/Image/Download?imageId=886101&dept=P&cid=3815&code=1714874045
畫花卉 (清和池沼),https://digitalarchive.npm.gov.tw/Painting/Content?pid=3816&Dept=P,3816,1176230400,886103,https://digitalarchive.npm.gov.tw/Image/Download?imageId=886103&dept=P&cid=3816&code=1176230400
畫花卉 (瑞露凝香),https://digitalarchive.npm.gov.tw/Painting/Content?pid=3817&Dept=P,3817,637586755,886105,https://digitalarchive.npm.gov.tw/Image/Download?imageId=886105&dept=P&cid=3817&code=637586755
畫花卉 (瓊葩玉映),https://digitalarchive.npm.gov.tw/Painting/Content?pid=3818&Dept=P,3818,1475898829,886107,https://digitalarchive.npm.gov.tw/Image/Download?imageId=886107&dept=P&cid=3818&code=1475898829
畫花卉 (秋塘曉艷),https://digitalarchive.npm.gov.tw/Painting/Content?pid=3819&Dept=P,3819,23899918,886109,https://digitalarchive.npm.gov.tw/Image/Download?imageId=886109&dept=P&cid=3819&code=23899918
畫花卉 (桂林爽氣),https://digitalarchive.npm.gov.tw/Painting/Content?pid=3820&Dept=P,3820,1632739920,886111,https://digitalarchive.npm.gov.tw/Image/Download?imageId=886111&dept=P&cid=3820&code=1632739920
墨竹譜,"https://digitalarchive.npm.gov.tw/Painting/Content?pid=183&Dept=P",183,68664766175,566146,https://digitalarchive.npm.gov.tw/Image/Download?imageId=566146&dept=P&cid=183&code=68664766175
墨竹譜 (吳鎮書蘇軾題文同畫竹記),"https://digitalarchive.npm.gov.tw/Painting/Content?pid=184&Dept=P",184,35613570786,566150,https://digitalarchive.npm.gov.tw/Image/Download?imageId=566150&dept=P&cid=184&code=35613570786
墨竹譜 (小坡竹石),"https://digitalarchive.npm.gov.tw/Painting/Content?pid=186&Dept=P",186,17130299410,566154,https://digitalarchive.npm.gov.tw/Image/Download?imageId=566154&dept=P&cid=186&code=17130299410
墨竹譜 (儗與可筆意),https://digitalarchive.npm.gov.tw/Painting/Content?pid=187&Dept=P,187,67977087946,566156,https://digitalarchive.npm.gov.tw/Image/Download?imageId=566156&dept=P&cid=187&code=67977087946
墨竹譜 (風雨竹),https://digitalarchive.npm.gov.tw/Painting/Content?pid=188&Dept=P,188,18089341672,566158,https://digitalarchive.npm.gov.tw/Image/Download?imageId=566158&dept=P&cid=188&code=18089341672
墨竹譜 (有竹之地人不俗),https://digitalarchive.npm.gov.tw/Painting/Content?pid=189&Dept=P,189,61330652453,566160,https://digitalarchive.npm.gov.tw/Image/Download?imageId=566160&dept=P&cid=189&code=61330652453
墨竹譜 (清風動脩竹),https://digitalarchive.npm.gov.tw/Painting/Content?pid=190&Dept=P,190,92475707157,566162,https://digitalarchive.npm.gov.tw/Image/Download?imageId=566162&dept=P&cid=190&code=92475707157
墨竹譜 (寫竹破俗),https://digitalarchive.npm.gov.tw/Painting/Content?pid=191&Dept=P,191,52382412325,566164,https://digitalarchive.npm.gov.tw/Image/Download?imageId=566164&dept=P&cid=191&code=52382412325
墨竹譜 (晴霏曉日),https://digitalarchive.npm.gov.tw/Painting/Content?pid=192&Dept=P,192,72110562662,566166,https://digitalarchive.npm.gov.tw/Image/Download?imageId=566166&dept=P&cid=192&code=72110562662
墨竹譜 (懸崖竹),https://digitalarchive.npm.gov.tw/Painting/Content?pid=193&Dept=P,193,55808288027,566168,https://digitalarchive.npm.gov.tw/Image/Download?imageId=566168&dept=P&cid=193&code=55808288027
墨竹譜 (凌空有意),https://digitalarchive.npm.gov.tw/Painting/Content?pid=194&Dept=P,194,79454359219,566170,https://digitalarchive.npm.gov.tw/Image/Download?imageId=566170&dept=P&cid=194&code=79454359219
墨竹譜 (戲墨寫竹),"https://digitalarchive.npm.gov.tw/Painting/Content?pid=195&Dept=P",195,73438627819,566172,https://digitalarchive.npm.gov.tw/Image/Download?imageId=566172&dept=P&cid=195&code=73438627819
墨竹譜 (竹窗思闃寥),https://digitalarchive.npm.gov.tw/Painting/Content?pid=196&Dept=P,196,84161600504,566174,https://digitalarchive.npm.gov.tw/Image/Download?imageId=566174&dept=P&cid=196&code=84161600504
墨竹譜 (梅花翁寄興),https://digitalarchive.npm.gov.tw/Painting/Content?pid=197&Dept=P,197,59836713479,566178,https://digitalarchive.npm.gov.tw/Image/Download?imageId=566178&dept=P&cid=197&code=59836713479
墨竹譜 (一片江南雨),https://digitalarchive.npm.gov.tw/Painting/Content?pid=198&Dept=P,198,46321894138,566176,https://digitalarchive.npm.gov.tw/Image/Download?imageId=566176&dept=P&cid=198&code=46321894138
墨竹譜 (簡齋詩意),https://digitalarchive.npm.gov.tw/Painting/Content?pid=199&Dept=P,199,54844537948,566180,https://digitalarchive.npm.gov.tw/Image/Download?imageId=566180&dept=P&cid=199&code=54844537948
墨竹譜 (仿息齋畫竹),https://digitalarchive.npm.gov.tw/Painting/Content?pid=200&Dept=P,200,24737341107,566182,https://digitalarchive.npm.gov.tw/Image/Download?imageId=566182&dept=P&cid=200&code=24737341107
墨竹譜 (逕深竹倚),https://digitalarchive.npm.gov.tw/Painting/Content?pid=201&Dept=P,201,41643157998,566184,https://digitalarchive.npm.gov.tw/Image/Download?imageId=566184&dept=P&cid=201&code=41643157998
墨竹譜 (輕蔭護綠苔),https://digitalarchive.npm.gov.tw/Painting/Content?pid=202&Dept=P,202,52571356228,566186,https://digitalarchive.npm.gov.tw/Image/Download?imageId=566186&dept=P&cid=202&code=52571356228
墨竹譜 (清風五百竿),https://digitalarchive.npm.gov.tw/Painting/Content?pid=203&Dept=P,203,24356951118,566188,https://digitalarchive.npm.gov.tw/Image/Download?imageId=566188&dept=P&cid=203&code=24356951118
墨竹譜 (玄妙觀竹),https://digitalarchive.npm.gov.tw/Painting/Content?pid=204&Dept=P,204,33322416775,566190,https://digitalarchive.npm.gov.tw/Image/Download?imageId=566190&dept=P&cid=204&code=33322416775
墨竹譜 (戲作雪圖),https://digitalarchive.npm.gov.tw/Painting/Content?pid=205&Dept=P,205,70110284480,566192,https://digitalarchive.npm.gov.tw/Image/Download?imageId=566192&dept=P&cid=205&code=70110284480
墨竹,"https://digitalarchive.npm.gov.tw/Painting/Content?pid=1443&Dept=P",1443,48594241212,566237,https://digitalarchive.npm.gov.tw/Image/Download?imageId=566237&dept=P&cid=1443&code=48594241212
墨竹（一）,"https://digitalarchive.npm.gov.tw/Painting/Content?pid=1447&Dept=P",1447,21836433212,566195,https://digitalarchive.npm.gov.tw/Image/Download?imageId=566195&dept=P&cid=1447&code=21836433212
墨竹（二）,"https://digitalarchive.npm.gov.tw/Painting/Content?pid=1448&Dept=P",1448,61060915575,566198,https://digitalarchive.npm.gov.tw/Image/Download?imageId=566198&dept=P&cid=1448&code=61060915575
墨竹（三）,https://digitalarchive.npm.gov.tw/Painting/Content?pid=1449&Dept=P,1449,59502991525,566200,https://digitalarchive.npm.gov.tw/Image/Download?imageId=566200&dept=P&cid=1449&code=59502991525
墨竹（四）,https://digitalarchive.npm.gov.tw/Painting/Content?pid=1450&Dept=P,1450,37710700567,566202,https://digitalarchive.npm.gov.tw/Image/Download?imageId=566202&dept=P&cid=1450&code=37710700567
墨竹（五）,https://digitalarchive.npm.gov.tw/Painting/Content?pid=1451&Dept=P,1451,81017117899,566204,https://digitalarchive.npm.gov.tw/Image/Download?imageId=566204&dept=P&cid=1451&code=81017117899
墨竹（六）,"https://digitalarchive.npm.gov.tw/Painting/Content?pid=1452&Dept=P",1452,88564949161,566206,https://digitalarchive.npm.gov.tw/Image/Download?imageId=566206&dept=P&cid=1452&code=88564949161
墨竹（七）,https://digitalarchive.npm.gov.tw/Painting/Content?pid=1453&Dept=P,1453,83346881281,566208,https://digitalarchive.npm.gov.tw/Image/Download?imageId=566208&dept=P&cid=1453&code=83346881281
墨竹（八）,https://digitalarchive.npm.gov.tw/Painting/Content?pid=1454&Dept=P,1454,47080115606,566210,https://digitalarchive.npm.gov.tw/Image/Download?imageId=566210&dept=P&cid=1454&code=47080115606
墨竹（九),https://digitalarchive.npm.gov.tw/Painting/Content?pid=1455&Dept=P,1455,75158573749,566212,https://digitalarchive.npm.gov.tw/Image/Download?imageId=566212&dept=P&cid=1455&code=75158573749
墨竹（十）,https://digitalarchive.npm.gov.tw/Painting/Content?pid=1456&Dept=P,1456,62053122170,566214,https://digitalarchive.npm.gov.tw/Image/Download?imageId=566214&dept=P&cid=1456&code=62053122170
墨竹（十一）,https://digitalarchive.npm.gov.tw/Painting/Content?pid=1457&Dept=P,1457,69149629894,566216,https://digitalarchive.npm.gov.tw/Image/Download?imageId=566216&dept=P&cid=1457&code=69149629894
墨竹（十二）,https://digitalarchive.npm.gov.tw/Painting/Content?pid=1458&Dept=P,1458,27732456316,566218,https://digitalarchive.npm.gov.tw/Image/Download?imageId=566218&dept=P&cid=1458&code=27732456316
墨竹（十三）,https://digitalarchive.npm.gov.tw/Painting/Content?pid=1459&Dept=P,1459,62554952328,566220,https://digitalarchive.npm.gov.tw/Image/Download?imageId=566220&dept=P&cid=1459&code=62554952328
墨竹（十四）,https://digitalarchive.npm.gov.tw/Painting/Content?pid=1460&Dept=P,1460,19503442294,566222,https://digitalarchive.npm.gov.tw/Image/Download?imageId=566222&dept=P&cid=1460&code=19503442294
墨竹（十五）,https://digitalarchive.npm.gov.tw/Painting/Content?pid=1461&Dept=P,1461,65514296936,566224,https://digitalarchive.npm.gov.tw/Image/Download?imageId=566224&dept=P&cid=1461&code=65514296936
墨竹（十六）,https://digitalarchive.npm.gov.tw/Painting/Content?pid=1462&Dept=P,1462,46578498190,566226,https://digitalarchive.npm.gov.tw/Image/Download?imageId=566226&dept=P&cid=1462&code=46578498190
墨竹（十七）,https://digitalarchive.npm.gov.tw/Painting/Content?pid=1463&Dept=P,1463,47707521113,566228,https://digitalarchive.npm.gov.tw/Image/Download?imageId=566228&dept=P&cid=1463&code=47707521113
墨竹（十八）,https://digitalarchive.npm.gov.tw/Painting/Content?pid=1464&Dept=P,1464,14816139765,566230,https://digitalarchive.npm.gov.tw/Image/Download?imageId=566230&dept=P&cid=1464&code=14816139765
墨竹 (自書詩),https://digitalarchive.npm.gov.tw/Painting/Content?pid=1465&Dept=P,1465,57456884551,566232,https://digitalarchive.npm.gov.tw/Image/Download?imageId=566232&dept=P&cid=1465&code=57456884551
墨竹 (書墨竹之法),https://digitalarchive.npm.gov.tw/Painting/Content?pid=1466&Dept=P,1466,28220860444,566234,https://digitalarchive.npm.gov.tw/Image/Download?imageId=566234&dept=P&cid=1466&code=28220860444
宋高宗書孝經馬和之繪圖,"https://digitalarchive.npm.gov.tw/Painting/Content?pid=237&Dept=P",237,58194272346,567793,https://digitalarchive.npm.gov.tw/Image/Download?imageId=567793&dept=P&cid=237&code=58194272346
宋高宗書孝經馬和之繪圖 (開宗明義章）,https://digitalarchive.npm.gov.tw/Painting/Content?pid=248&Dept=P,248,30667899242,567731,https://digitalarchive.npm.gov.tw/Image/Download?imageId=567731&dept=P&cid=248&code=30667899242
宋高宗書孝經馬和之繪圖 (開宗明義章）,https://digitalarchive.npm.gov.tw/Painting/Content?pid=249&Dept=P,249,30667899242,567731,https://digitalarchive.npm.gov.tw/Image/Download?imageId=567731&dept=P&cid=249&code=30667899242
宋高宗書孝經馬和之繪圖 (天子章）,https://digitalarchive.npm.gov.tw/Painting/Content?pid=250&Dept=P,250,81719886953,567735,https://digitalarchive.npm.gov.tw/Image/Download?imageId=567735&dept=P&cid=250&code=81719886953
宋高宗書孝經馬和之繪圖 (天子章）,https://digitalarchive.npm.gov.tw/Painting/Content?pid=251&Dept=P,251,81719886953,567735,https://digitalarchive.npm.gov.tw/Image/Download?imageId=567735&dept=P&cid=251&code=81719886953
宋高宗書孝經馬和之繪圖 (諸侯章）,https://digitalarchive.npm.gov.tw/Painting/Content?pid=252&Dept=P,252,51198145892,567739,https://digitalarchive.npm.gov.tw/Image/Download?imageId=567739&dept=P&cid=252&code=51198145892
宋高宗書孝經馬和之繪圖 (諸侯章）,https://digitalarchive.npm.gov.tw/Painting/Content?pid=253&Dept=P,253,51198145892,567739,https://digitalarchive.npm.gov.tw/Image/Download?imageId=567739&dept=P&cid=253&code=51198145892
宋高宗書孝經馬和之繪圖 (卿大夫章）,"https://digitalarchive.npm.gov.tw/Painting/Content?pid=254&Dept=P",254,95793876029,567743,https://digitalarchive.npm.gov.tw/Image/Download?imageId=567743&dept=P&cid=254&code=95793876029
宋高宗書孝經馬和之繪圖 (卿大夫章）,https://digitalarchive.npm.gov.tw/Painting/Content?pid=255&Dept=P,255,95793876029,567743,https://digitalarchive.npm.gov.tw/Image/Download?imageId=567743&dept=P&cid=255&code=95793876029
宋高宗書孝經馬和之繪圖 (士章）,https://digitalarchive.npm.gov.tw/Painting/Content?pid=256&Dept=P,256,36459591751,567747,https://digitalarchive.npm.gov.tw/Image/Download?imageId=567747&dept=P&cid=256&code=36459591751
宋高宗書孝經馬和之繪圖 (士章）,https://digitalarchive.npm.gov.tw/Painting/Content?pid=257&Dept=P,257,36459591751,567747,https://digitalarchive.npm.gov.tw/Image/Download?imageId=567747&dept=P&cid=257&code=36459591751
宋高宗書孝經馬和之繪圖 (庶人章）,https://digitalarchive.npm.gov.tw/Painting/Content?pid=258&Dept=P,258,24302884008,567751,https://digitalarchive.npm.gov.tw/Image/Download?imageId=567751&dept=P&cid=258&code=24302884008
宋高宗書孝經馬和之繪圖 (庶人章）,https://digitalarchive.npm.gov.tw/Painting/Content?pid=259&Dept=P,259,24302884008,567751,https://digitalarchive.npm.gov.tw/Image/Download?imageId=567751&dept=P&cid=259&code=24302884008
宋高宗書孝經馬和之繪圖 (三才章）,https://digitalarchive.npm.gov.tw/Painting/Content?pid=260&Dept=P,260,60420408343,567755,https://digitalarchive.npm.gov.tw/Image/Download?imageId=567755&dept=P&cid=260&code=60420408343
宋高宗書孝經馬和之繪圖 (孝治章）,https://digitalarchive.npm.gov.tw/Painting/Content?pid=261&Dept=P,261,49162476623,567759,https://digitalarchive.npm.gov.tw/Image/Download?imageId=567759&dept=P&cid=261&code=49162476623
宋高宗書孝經馬和之繪圖 (三才章）,https://digitalarchive.npm.gov.tw/Painting/Content?pid=264&Dept=P,264,60420408343,567755,https://digitalarchive.npm.gov.tw/Image/Download?imageId=567755&dept=P&cid=264&code=60420408343
宋高宗書孝經馬和之繪圖 (紀孝行章）,https://digitalarchive.npm.gov.tw/Painting/Content?pid=266&Dept=P,266,90460229306,567763,https://digitalarchive.npm.gov.tw/Image/Download?imageId=567763&dept=P&cid=266&code=90460229306
宋高宗書孝經馬和之繪圖 (孝治章）,https://digitalarchive.npm.gov.tw/Painting/Content?pid=268&Dept=P,268,49162476623,567759,https://digitalarchive.npm.gov.tw/Image/Download?imageId=567759&dept=P&cid=268&code=49162476623
宋高宗書孝經馬和之繪圖 (聖治章）,https://digitalarchive.npm.gov.tw/Painting/Content?pid=270&Dept=P,270,90460229306,567763,https://digitalarchive.npm.gov.tw/Image/Download?imageId=567763&dept=P&cid=270&code=90460229306
宋高宗書孝經馬和之繪圖 (五刑章）,https://digitalarchive.npm.gov.tw/Painting/Content?pid=273&Dept=P,273,25103745858,567766,https://digitalarchive.npm.gov.tw/Image/Download?imageId=567766&dept=P&cid=273&code=25103745858
宋高宗書孝經馬和之繪圖 (五刑章）,https://digitalarchive.npm.gov.tw/Painting/Content?pid=275&Dept=P,275,25103745858,567766,https://digitalarchive.npm.gov.tw/Image/Download?imageId=567766&dept=P&cid=275&code=25103745858
宋高宗書孝經馬和之繪圖 (廣至德章）,https://digitalarchive.npm.gov.tw/Painting/Content?pid=277&Dept=P,277,33837319298,567770,https://digitalarchive.npm.gov.tw/Image/Download?imageId=567770&dept=P&cid=277&code=33837319298
宋高宗書孝經馬和之繪圖 (廣至德章）,https://digitalarchive.npm.gov.tw/Painting/Content?pid=278&Dept=P,278,33837319298,567770,https://digitalarchive.npm.gov.tw/Image/Download?imageId=567770&dept=P&cid=278&code=33837319298
宋高宗書孝經馬和之繪圖 (廣揚名章）,https://digitalarchive.npm.gov.tw/Painting/Content?pid=279&Dept=P,279,77401996788,567774,https://digitalarchive.npm.gov.tw/Image/Download?imageId=567774&dept=P&cid=279&code=77401996788
宋高宗書孝經馬和之繪圖 (廣揚名章）,https://digitalarchive.npm.gov.tw/Painting/Content?pid=280&Dept=P,280,77401996788,567774,https://digitalarchive.npm.gov.tw/Image/Download?imageId=567774&dept=P&cid=280&code=77401996788
宋高宗書孝經馬和之繪圖 (諫爭章）,https://digitalarchive.npm.gov.tw/Painting/Content?pid=281&Dept=P,281,59546005703,567778,https://digitalarchive.npm.gov.tw/Image/Download?imageId=567778&dept=P&cid=281&code=59546005703
宋高宗書孝經馬和之繪圖 (諫爭章）,https://digitalarchive.npm.gov.tw/Painting/Content?pid=282&Dept=P,282,59546005703,567778,https://digitalarchive.npm.gov.tw/Image/Download?imageId=567778&dept=P&cid=282&code=59546005703
宋高宗書孝經馬和之繪圖 (感應章）,https://digitalarchive.npm.gov.tw/Painting/Content?pid=286&Dept=P,286,16197976611,567782,https://digitalarchive.npm.gov.tw/Image/Download?imageId=567782&dept=P&cid=286&code=16197976611
宋高宗書孝經馬和之繪圖 (感應章）,https://digitalarchive.npm.gov.tw/Painting/Content?pid=289&Dept=P,289,16197976611,567782,https://digitalarchive.npm.gov.tw/Image/Download?imageId=567782&dept=P&cid=289&code=16197976611
宋高宗書孝經馬和之繪圖 (事君章）,https://digitalarchive.npm.gov.tw/Painting/Content?pid=291&Dept=P,291,42189043613,567786,https://digitalarchive.npm.gov.tw/Image/Download?imageId=567786&dept=P&cid=291&code=42189043613
宋高宗書孝經馬和之繪圖 (事君章）,https://digitalarchive.npm.gov.tw/Painting/Content?pid=292&Dept=P,292,42189043613,567786,https://digitalarchive.npm.gov.tw/Image/Download?imageId=567786&dept=P&cid=292&code=42189043613
宋高宗書孝經馬和之繪圖 (喪親章）,"https://digitalarchive.npm.gov.tw/Painting/Content?pid=293&Dept=P",293,67263172181,567790,https://digitalarchive.npm.gov.tw/Image/Download?imageId=567790&dept=P&cid=293&code=67263172181
宋高宗書孝經馬和之繪圖 (喪親章）,https://digitalarchive.npm.gov.tw/Painting/Content?pid=294&Dept=P,294,67263172181,567790,https://digitalarchive.npm.gov.tw/Image/Download?imageId=567790&dept=P&cid=294&code=67263172181