Title 品名,URL 網頁,url
寒林圖,https://digitalarchive.npm.gov.tw/Painting/Content?pid=1198&Dept=P,https://digitalarchive.npm.gov.tw/Painting/Content?pid=1198&Dept=P
群峰霽雪,https://digitalarchive.npm.gov.tw/Painting/Content?pid=1266&Dept=P,https://digitalarchive.npm.gov.tw/Painting/Content?pid=1266&Dept=P
寒江釣艇,https://digitalarchive.npm.gov.tw/Painting/Content?pid=1223&Dept=P,https://digitalarchive.npm.gov.tw/Painting/Content?pid=1223&Dept=P
臨流獨坐圖,https://digitalarchive.npm.gov.tw/Painting/Content?pid=45&Dept=P,https://digitalarchive.npm.gov.tw/Painting/Content?pid=45&Dept=P
山鷓棘雀圖,https://digitalarchive.npm.gov.tw/Painting/Content?pid=46&Dept=P,https://digitalarchive.npm.gov.tw/Painting/Content?pid=46&Dept=P
雪霽江行圖,https://digitalarchive.npm.gov.tw/Painting/Content?pid=13943&Dept=P,https://digitalarchive.npm.gov.tw/Painting/Content?pid=13943&Dept=P
長堤歸牧,https://digitalarchive.npm.gov.tw/Painting/Content?pid=13944&Dept=P,https://digitalarchive.npm.gov.tw/Painting/Content?pid=13944&Dept=P
溪山樓觀,https://digitalarchive.npm.gov.tw/Painting/Content?pid=1229&Dept=P,https://digitalarchive.npm.gov.tw/Painting/Content?pid=1229&Dept=P
秋山琳宇圖,https://digitalarchive.npm.gov.tw/Painting/Content?pid=1300&Dept=P,https://digitalarchive.npm.gov.tw/Painting/Content?pid=1300&Dept=P
關山密雪圖,https://digitalarchive.npm.gov.tw/Painting/Content?pid=1277&Dept=P,https://digitalarchive.npm.gov.tw/Painting/Content?pid=1277&Dept=P
歲朝圖,https://digitalarchive.npm.gov.tw/Painting/Content?pid=1227&Dept=P,https://digitalarchive.npm.gov.tw/Painting/Content?pid=1227&Dept=P
四喜圖,https://digitalarchive.npm.gov.tw/Painting/Content?pid=13945&Dept=P,https://digitalarchive.npm.gov.tw/Painting/Content?pid=13945&Dept=P
寒巖積雪,https://digitalarchive.npm.gov.tw/Painting/Content?pid=13946&Dept=P,https://digitalarchive.npm.gov.tw/Painting/Content?pid=13946&Dept=P
早春圖,https://digitalarchive.npm.gov.tw/Painting/Content?pid=47&Dept=P,https://digitalarchive.npm.gov.tw/Painting/Content?pid=47&Dept=P
關山春雪圖,https://digitalarchive.npm.gov.tw/Painting/Content?pid=1280&Dept=P,https://digitalarchive.npm.gov.tw/Painting/Content?pid=1280&Dept=P
雪山行旅圖,https://digitalarchive.npm.gov.tw/Painting/Content?pid=13947&Dept=P,https://digitalarchive.npm.gov.tw/Painting/Content?pid=13947&Dept=P
白蘆雁,https://digitalarchive.npm.gov.tw/Painting/Content?pid=1292&Dept=P,https://digitalarchive.npm.gov.tw/Painting/Content?pid=1292&Dept=P
溪山秋色圖,https://digitalarchive.npm.gov.tw/Painting/Content?pid=1177&Dept=P,https://digitalarchive.npm.gov.tw/Painting/Content?pid=1177&Dept=P
畫鷹,https://digitalarchive.npm.gov.tw/Painting/Content?pid=1263&Dept=P,https://digitalarchive.npm.gov.tw/Painting/Content?pid=1263&Dept=P
仁壽圖,https://digitalarchive.npm.gov.tw/Painting/Content?pid=1311&Dept=P,https://digitalarchive.npm.gov.tw/Painting/Content?pid=1311&Dept=P
老子騎牛圖,https://digitalarchive.npm.gov.tw/Painting/Content?pid=1185&Dept=P,https://digitalarchive.npm.gov.tw/Painting/Content?pid=1185&Dept=P
春山圖,https://digitalarchive.npm.gov.tw/Painting/Content?pid=1328&Dept=P,https://digitalarchive.npm.gov.tw/Painting/Content?pid=1328&Dept=P
漢宮圖,https://digitalarchive.npm.gov.tw/Painting/Content?pid=39&Dept=P,https://digitalarchive.npm.gov.tw/Painting/Content?pid=39&Dept=P
煙嵐蕭寺,https://digitalarchive.npm.gov.tw/Painting/Content?pid=13954&Dept=P,https://digitalarchive.npm.gov.tw/Painting/Content?pid=13954&Dept=P
雪江圖,https://digitalarchive.npm.gov.tw/Painting/Content?pid=13955&Dept=P,https://digitalarchive.npm.gov.tw/Painting/Content?pid=13955&Dept=P
畫花鳥,https://digitalarchive.npm.gov.tw/Painting/Content?pid=917&Dept=P,https://digitalarchive.npm.gov.tw/Painting/Content?pid=917&Dept=P
風雨歸牧,https://digitalarchive.npm.gov.tw/Painting/Content?pid=918&Dept=P,https://digitalarchive.npm.gov.tw/Painting/Content?pid=918&Dept=P
十全報喜,https://digitalarchive.npm.gov.tw/Painting/Content?pid=1402&Dept=P,https://digitalarchive.npm.gov.tw/Painting/Content?pid=1402&Dept=P
西湖柳艇圖,https://digitalarchive.npm.gov.tw/Painting/Content?pid=1222&Dept=P,https://digitalarchive.npm.gov.tw/Painting/Content?pid=1222&Dept=P
山水,https://digitalarchive.npm.gov.tw/Painting/Content?pid=1233&Dept=P,https://digitalarchive.npm.gov.tw/Painting/Content?pid=1233&Dept=P
畫王建宮詞圖,https://digitalarchive.npm.gov.tw/Painting/Content?pid=13966&Dept=P,https://digitalarchive.npm.gov.tw/Painting/Content?pid=13966&Dept=P
秋浦歸漁圖,https://digitalarchive.npm.gov.tw/Painting/Content?pid=13960&Dept=P,https://digitalarchive.npm.gov.tw/Painting/Content?pid=13960&Dept=P
板橋踏雪圖,https://digitalarchive.npm.gov.tw/Painting/Content?pid=13961&Dept=P,https://digitalarchive.npm.gov.tw/Painting/Content?pid=13961&Dept=P
畫秋江漁隱,https://digitalarchive.npm.gov.tw/Painting/Content?pid=13962&Dept=P,https://digitalarchive.npm.gov.tw/Painting/Content?pid=13962&Dept=P
華燈侍宴圖,https://digitalarchive.npm.gov.tw/Painting/Content?pid=1357&Dept=P,https://digitalarchive.npm.gov.tw/Painting/Content?pid=1357&Dept=P
溪山行旅圖,https://digitalarchive.npm.gov.tw/Painting/Content?pid=1481&Dept=P,https://digitalarchive.npm.gov.tw/Painting/Content?pid=1481&Dept=P
補衲圖,https://digitalarchive.npm.gov.tw/Painting/Content?pid=939&Dept=P,https://digitalarchive.npm.gov.tw/Painting/Content?pid=939&Dept=P
醉僧圖,https://digitalarchive.npm.gov.tw/Painting/Content?pid=14346&Dept=P,https://digitalarchive.npm.gov.tw/Painting/Content?pid=14346&Dept=P
圍爐博古圖,https://digitalarchive.npm.gov.tw/Painting/Content?pid=1356&Dept=P,https://digitalarchive.npm.gov.tw/Painting/Content?pid=1356&Dept=P
蓬壺仙侶圖,https://digitalarchive.npm.gov.tw/Painting/Content?pid=14347&Dept=P,https://digitalarchive.npm.gov.tw/Painting/Content?pid=14347&Dept=P
絲綸圖,https://digitalarchive.npm.gov.tw/Painting/Content?pid=14349&Dept=P,https://digitalarchive.npm.gov.tw/Painting/Content?pid=14349&Dept=P
畫羅漢,https://digitalarchive.npm.gov.tw/Painting/Content?pid=72&Dept=P,https://digitalarchive.npm.gov.tw/Painting/Content?pid=72&Dept=P
畫盧仝烹茶圖,https://digitalarchive.npm.gov.tw/Painting/Content?pid=1334&Dept=P,https://digitalarchive.npm.gov.tw/Painting/Content?pid=1334&Dept=P
畫荔枝,https://digitalarchive.npm.gov.tw/Painting/Content?pid=14803&Dept=P,https://digitalarchive.npm.gov.tw/Painting/Content?pid=14803&Dept=P
秋瓜圖,https://digitalarchive.npm.gov.tw/Painting/Content?pid=1232&Dept=P,https://digitalarchive.npm.gov.tw/Painting/Content?pid=1232&Dept=P
三蔬圖,https://digitalarchive.npm.gov.tw/Painting/Content?pid=13970&Dept=P,https://digitalarchive.npm.gov.tw/Painting/Content?pid=13970&Dept=P
春山瑞松,https://digitalarchive.npm.gov.tw/Painting/Content?pid=1245&Dept=P,https://digitalarchive.npm.gov.tw/Painting/Content?pid=1245&Dept=P
華燈侍宴圖,https://digitalarchive.npm.gov.tw/Painting/Content?pid=1445&Dept=P,https://digitalarchive.npm.gov.tw/Painting/Content?pid=1445&Dept=P
窠木竹石,https://digitalarchive.npm.gov.tw/Painting/Content?pid=477&Dept=P,https://digitalarchive.npm.gov.tw/Painting/Content?pid=477&Dept=P
臨黃筌蓮塘圖,https://digitalarchive.npm.gov.tw/Painting/Content?pid=994&Dept=P,https://digitalarchive.npm.gov.tw/Painting/Content?pid=994&Dept=P
吹簫士女圖,https://digitalarchive.npm.gov.tw/Painting/Content?pid=478&Dept=P,https://digitalarchive.npm.gov.tw/Painting/Content?pid=478&Dept=P
竹石,https://digitalarchive.npm.gov.tw/Painting/Content?pid=483&Dept=P,https://digitalarchive.npm.gov.tw/Painting/Content?pid=483&Dept=P
江山放艇圖,https://digitalarchive.npm.gov.tw/Painting/Content?pid=497&Dept=P,https://digitalarchive.npm.gov.tw/Painting/Content?pid=497&Dept=P
採菱圖,https://digitalarchive.npm.gov.tw/Painting/Content?pid=494&Dept=P,https://digitalarchive.npm.gov.tw/Painting/Content?pid=494&Dept=P
春郊遊騎圖,https://digitalarchive.npm.gov.tw/Painting/Content?pid=500&Dept=P,https://digitalarchive.npm.gov.tw/Painting/Content?pid=500&Dept=P
駿馬圖,https://digitalarchive.npm.gov.tw/Painting/Content?pid=496&Dept=P,https://digitalarchive.npm.gov.tw/Painting/Content?pid=496&Dept=P
雨山圖,https://digitalarchive.npm.gov.tw/Painting/Content?pid=464&Dept=P,https://digitalarchive.npm.gov.tw/Painting/Content?pid=464&Dept=P
林巒烟雨圖,https://digitalarchive.npm.gov.tw/Painting/Content?pid=450&Dept=P,https://digitalarchive.npm.gov.tw/Painting/Content?pid=450&Dept=P
雲橫秀嶺,https://digitalarchive.npm.gov.tw/Painting/Content?pid=465&Dept=P,https://digitalarchive.npm.gov.tw/Painting/Content?pid=465&Dept=P
畫春山晴雨,https://digitalarchive.npm.gov.tw/Painting/Content?pid=443&Dept=P,https://digitalarchive.npm.gov.tw/Painting/Content?pid=443&Dept=P
雲巒飛瀑圖,https://digitalarchive.npm.gov.tw/Painting/Content?pid=880&Dept=P,https://digitalarchive.npm.gov.tw/Painting/Content?pid=880&Dept=P
四季平安圖,https://digitalarchive.npm.gov.tw/Painting/Content?pid=442&Dept=P,https://digitalarchive.npm.gov.tw/Painting/Content?pid=442&Dept=P
喬松竹石,https://digitalarchive.npm.gov.tw/Painting/Content?pid=503&Dept=P,https://digitalarchive.npm.gov.tw/Painting/Content?pid=503&Dept=P
溪鳧圖,https://digitalarchive.npm.gov.tw/Painting/Content?pid=485&Dept=P,https://digitalarchive.npm.gov.tw/Painting/Content?pid=485&Dept=P
積雪圖,https://digitalarchive.npm.gov.tw/Painting/Content?pid=469&Dept=P,https://digitalarchive.npm.gov.tw/Painting/Content?pid=469&Dept=P
畫羅漢,https://digitalarchive.npm.gov.tw/Painting/Content?pid=893&Dept=P,https://digitalarchive.npm.gov.tw/Painting/Content?pid=893&Dept=P
嵩陽訪真圖,https://digitalarchive.npm.gov.tw/Painting/Content?pid=1104&Dept=P,https://digitalarchive.npm.gov.tw/Painting/Content?pid=1104&Dept=P
杏雨浴禽圖,https://digitalarchive.npm.gov.tw/Painting/Content?pid=684&Dept=P,https://digitalarchive.npm.gov.tw/Painting/Content?pid=684&Dept=P
谿亭山色圖,https://digitalarchive.npm.gov.tw/Painting/Content?pid=862&Dept=P,https://digitalarchive.npm.gov.tw/Painting/Content?pid=862&Dept=P
晚香高節,https://digitalarchive.npm.gov.tw/Painting/Content?pid=713&Dept=P,https://digitalarchive.npm.gov.tw/Painting/Content?pid=713&Dept=P
畫竹,https://digitalarchive.npm.gov.tw/Painting/Content?pid=716&Dept=P,https://digitalarchive.npm.gov.tw/Painting/Content?pid=716&Dept=P
烟嵐秋澗,https://digitalarchive.npm.gov.tw/Painting/Content?pid=1256&Dept=P,https://digitalarchive.npm.gov.tw/Painting/Content?pid=1256&Dept=P
林下鳴琴,https://digitalarchive.npm.gov.tw/Painting/Content?pid=504&Dept=P,https://digitalarchive.npm.gov.tw/Painting/Content?pid=504&Dept=P
畫古木飛泉,https://digitalarchive.npm.gov.tw/Painting/Content?pid=695&Dept=P,https://digitalarchive.npm.gov.tw/Painting/Content?pid=695&Dept=P
畫樹石,https://digitalarchive.npm.gov.tw/Painting/Content?pid=697&Dept=P,https://digitalarchive.npm.gov.tw/Painting/Content?pid=697&Dept=P
秋山行旅圖,https://digitalarchive.npm.gov.tw/Painting/Content?pid=1153&Dept=P,https://digitalarchive.npm.gov.tw/Painting/Content?pid=1153&Dept=P
松亭會友圖,https://digitalarchive.npm.gov.tw/Painting/Content?pid=526&Dept=P,https://digitalarchive.npm.gov.tw/Painting/Content?pid=526&Dept=P
桃竹春禽,https://digitalarchive.npm.gov.tw/Painting/Content?pid=525&Dept=P,https://digitalarchive.npm.gov.tw/Painting/Content?pid=525&Dept=P
倣郭熙秋山行旅,https://digitalarchive.npm.gov.tw/Painting/Content?pid=524&Dept=P,https://digitalarchive.npm.gov.tw/Painting/Content?pid=524&Dept=P
霜浦歸漁圖,https://digitalarchive.npm.gov.tw/Painting/Content?pid=518&Dept=P,https://digitalarchive.npm.gov.tw/Painting/Content?pid=518&Dept=P
寫高使君意,https://digitalarchive.npm.gov.tw/Painting/Content?pid=694&Dept=P,https://digitalarchive.npm.gov.tw/Painting/Content?pid=694&Dept=P
平安磐石,https://digitalarchive.npm.gov.tw/Painting/Content?pid=513&Dept=P,https://digitalarchive.npm.gov.tw/Painting/Content?pid=513&Dept=P
竹石,https://digitalarchive.npm.gov.tw/Painting/Content?pid=514&Dept=P,https://digitalarchive.npm.gov.tw/Painting/Content?pid=514&Dept=P
春塘柳色,https://digitalarchive.npm.gov.tw/Painting/Content?pid=741&Dept=P,https://digitalarchive.npm.gov.tw/Painting/Content?pid=741&Dept=P
秋山疊翠,https://digitalarchive.npm.gov.tw/Painting/Content?pid=739&Dept=P,https://digitalarchive.npm.gov.tw/Painting/Content?pid=739&Dept=P
畫袁安臥雪圖,https://digitalarchive.npm.gov.tw/Painting/Content?pid=597&Dept=P,https://digitalarchive.npm.gov.tw/Painting/Content?pid=597&Dept=P
古壑雲松圖,https://digitalarchive.npm.gov.tw/Painting/Content?pid=744&Dept=P,https://digitalarchive.npm.gov.tw/Painting/Content?pid=744&Dept=P
群峰雪霽,https://digitalarchive.npm.gov.tw/Painting/Content?pid=683&Dept=P,https://digitalarchive.npm.gov.tw/Painting/Content?pid=683&Dept=P
疎林亭子,https://digitalarchive.npm.gov.tw/Painting/Content?pid=1078&Dept=P,https://digitalarchive.npm.gov.tw/Painting/Content?pid=1078&Dept=P
貞松白雪軒圖,https://digitalarchive.npm.gov.tw/Painting/Content?pid=1080&Dept=P,https://digitalarchive.npm.gov.tw/Painting/Content?pid=1080&Dept=P
雙松圖,https://digitalarchive.npm.gov.tw/Painting/Content?pid=682&Dept=P,https://digitalarchive.npm.gov.tw/Painting/Content?pid=682&Dept=P
天池石壁圖,https://digitalarchive.npm.gov.tw/Painting/Content?pid=1020&Dept=P,https://digitalarchive.npm.gov.tw/Painting/Content?pid=1020&Dept=P
洞庭漁隱,https://digitalarchive.npm.gov.tw/Painting/Content?pid=687&Dept=P,https://digitalarchive.npm.gov.tw/Painting/Content?pid=687&Dept=P
秋江漁隱,https://digitalarchive.npm.gov.tw/Painting/Content?pid=693&Dept=P,https://digitalarchive.npm.gov.tw/Painting/Content?pid=693&Dept=P
漁父圖,https://digitalarchive.npm.gov.tw/Painting/Content?pid=689&Dept=P,https://digitalarchive.npm.gov.tw/Painting/Content?pid=689&Dept=P
篔簹清影圖,https://digitalarchive.npm.gov.tw/Painting/Content?pid=692&Dept=P,https://digitalarchive.npm.gov.tw/Painting/Content?pid=692&Dept=P
竹石,https://digitalarchive.npm.gov.tw/Painting/Content?pid=691&Dept=P,https://digitalarchive.npm.gov.tw/Painting/Content?pid=691&Dept=P
枯荷鸂鶒,https://digitalarchive.npm.gov.tw/Painting/Content?pid=529&Dept=P,https://digitalarchive.npm.gov.tw/Painting/Content?pid=529&Dept=P
桃花幽鳥,https://digitalarchive.npm.gov.tw/Painting/Content?pid=530&Dept=P,https://digitalarchive.npm.gov.tw/Painting/Content?pid=530&Dept=P
寫生花鳥,https://digitalarchive.npm.gov.tw/Painting/Content?pid=532&Dept=P,https://digitalarchive.npm.gov.tw/Painting/Content?pid=532&Dept=P
畫秋林小隱,https://digitalarchive.npm.gov.tw/Painting/Content?pid=533&Dept=P,https://digitalarchive.npm.gov.tw/Painting/Content?pid=533&Dept=P
仙山樓觀,https://digitalarchive.npm.gov.tw/Painting/Content?pid=535&Dept=P,https://digitalarchive.npm.gov.tw/Painting/Content?pid=535&Dept=P
彌陀佛像,https://digitalarchive.npm.gov.tw/Painting/Content?pid=870&Dept=P,https://digitalarchive.npm.gov.tw/Painting/Content?pid=870&Dept=P
瑤池仙慶,https://digitalarchive.npm.gov.tw/Painting/Content?pid=537&Dept=P,https://digitalarchive.npm.gov.tw/Painting/Content?pid=537&Dept=P
五瑞圖,https://digitalarchive.npm.gov.tw/Painting/Content?pid=536&Dept=P,https://digitalarchive.npm.gov.tw/Painting/Content?pid=536&Dept=P
畫南枝春早,https://digitalarchive.npm.gov.tw/Painting/Content?pid=544&Dept=P,https://digitalarchive.npm.gov.tw/Painting/Content?pid=544&Dept=P
畫南枝春早,https://digitalarchive.npm.gov.tw/Painting/Content?pid=545&Dept=P,https://digitalarchive.npm.gov.tw/Painting/Content?pid=545&Dept=P
古木竹石,https://digitalarchive.npm.gov.tw/Painting/Content?pid=696&Dept=P,https://digitalarchive.npm.gov.tw/Painting/Content?pid=696&Dept=P
雪山蕭寺圖,https://digitalarchive.npm.gov.tw/Painting/Content?pid=1186&Dept=P,https://digitalarchive.npm.gov.tw/Painting/Content?pid=1186&Dept=P
谿山行旅圖,https://digitalarchive.npm.gov.tw/Painting/Content?pid=1195&Dept=P,https://digitalarchive.npm.gov.tw/Painting/Content?pid=1195&Dept=P
雪溪漁父,https://digitalarchive.npm.gov.tw/Painting/Content?pid=1248&Dept=P,https://digitalarchive.npm.gov.tw/Painting/Content?pid=1248&Dept=P
墨竹,https://digitalarchive.npm.gov.tw/Painting/Content?pid=49&Dept=P,https://digitalarchive.npm.gov.tw/Painting/Content?pid=49&Dept=P
文會圖,https://digitalarchive.npm.gov.tw/Painting/Content?pid=50&Dept=P,https://digitalarchive.npm.gov.tw/Painting/Content?pid=50&Dept=P
畫雪景,https://digitalarchive.npm.gov.tw/Painting/Content?pid=14323&Dept=P,https://digitalarchive.npm.gov.tw/Painting/Content?pid=14323&Dept=P
秋庭戲嬰圖,https://digitalarchive.npm.gov.tw/Painting/Content?pid=34&Dept=P,https://digitalarchive.npm.gov.tw/Painting/Content?pid=34&Dept=P
摹范寬廬山圖,https://digitalarchive.npm.gov.tw/Painting/Content?pid=1391&Dept=P,https://digitalarchive.npm.gov.tw/Painting/Content?pid=1391&Dept=P
唐五學士圖,https://digitalarchive.npm.gov.tw/Painting/Content?pid=1217&Dept=P,https://digitalarchive.npm.gov.tw/Painting/Content?pid=1217&Dept=P
畫雪景,https://digitalarchive.npm.gov.tw/Painting/Content?pid=14004&Dept=P,https://digitalarchive.npm.gov.tw/Painting/Content?pid=14004&Dept=P
畫元世祖出獵圖,https://digitalarchive.npm.gov.tw/Painting/Content?pid=745&Dept=P,https://digitalarchive.npm.gov.tw/Painting/Content?pid=745&Dept=P
清江春曉,https://digitalarchive.npm.gov.tw/Painting/Content?pid=778&Dept=P,https://digitalarchive.npm.gov.tw/Painting/Content?pid=778&Dept=P
雙松圖,https://digitalarchive.npm.gov.tw/Painting/Content?pid=775&Dept=P,https://digitalarchive.npm.gov.tw/Painting/Content?pid=775&Dept=P
萬壑松風圖,https://digitalarchive.npm.gov.tw/Painting/Content?pid=33&Dept=P,https://digitalarchive.npm.gov.tw/Painting/Content?pid=33&Dept=P
古木散馬圖,https://digitalarchive.npm.gov.tw/Painting/Content?pid=934&Dept=P,https://digitalarchive.npm.gov.tw/Painting/Content?pid=934&Dept=P
蘇李別意,https://digitalarchive.npm.gov.tw/Painting/Content?pid=14731&Dept=P,https://digitalarchive.npm.gov.tw/Painting/Content?pid=14731&Dept=P
免冑圖,https://digitalarchive.npm.gov.tw/Painting/Content?pid=1294&Dept=P,https://digitalarchive.npm.gov.tw/Painting/Content?pid=1294&Dept=P
雲山得意圖,https://digitalarchive.npm.gov.tw/Painting/Content?pid=14438&Dept=P,https://digitalarchive.npm.gov.tw/Painting/Content?pid=14438&Dept=P
長江萬里圖,https://digitalarchive.npm.gov.tw/Painting/Content?pid=14413&Dept=P,https://digitalarchive.npm.gov.tw/Painting/Content?pid=14413&Dept=P
畫馬,https://digitalarchive.npm.gov.tw/Painting/Content?pid=14015&Dept=P,https://digitalarchive.npm.gov.tw/Painting/Content?pid=14015&Dept=P
桃枝松鼠,https://digitalarchive.npm.gov.tw/Painting/Content?pid=31&Dept=P,https://digitalarchive.npm.gov.tw/Painting/Content?pid=31&Dept=P
寶津競渡圖,https://digitalarchive.npm.gov.tw/Painting/Content?pid=1107&Dept=P,https://digitalarchive.npm.gov.tw/Painting/Content?pid=1107&Dept=P
畫明皇會棋圖,https://digitalarchive.npm.gov.tw/Painting/Content?pid=14495&Dept=P,https://digitalarchive.npm.gov.tw/Painting/Content?pid=14495&Dept=P
猴貓圖,https://digitalarchive.npm.gov.tw/Painting/Content?pid=15552&Dept=P,https://digitalarchive.npm.gov.tw/Painting/Content?pid=15552&Dept=P
花陰玉兔,https://digitalarchive.npm.gov.tw/Painting/Content?pid=14016&Dept=P,https://digitalarchive.npm.gov.tw/Painting/Content?pid=14016&Dept=P
畫麗人行,https://digitalarchive.npm.gov.tw/Painting/Content?pid=1298&Dept=P,https://digitalarchive.npm.gov.tw/Painting/Content?pid=1298&Dept=P
寫生翎毛,https://digitalarchive.npm.gov.tw/Painting/Content?pid=17549&Dept=P,https://digitalarchive.npm.gov.tw/Painting/Content?pid=17549&Dept=P
瀛山圖,https://digitalarchive.npm.gov.tw/Painting/Content?pid=14434&Dept=P,https://digitalarchive.npm.gov.tw/Painting/Content?pid=14434&Dept=P
江山小景,https://digitalarchive.npm.gov.tw/Painting/Content?pid=14436&Dept=P,https://digitalarchive.npm.gov.tw/Painting/Content?pid=14436&Dept=P
清溪漁隱,https://digitalarchive.npm.gov.tw/Painting/Content?pid=591&Dept=P,https://digitalarchive.npm.gov.tw/Painting/Content?pid=591&Dept=P
赤壁圖,https://digitalarchive.npm.gov.tw/Painting/Content?pid=32&Dept=P,https://digitalarchive.npm.gov.tw/Painting/Content?pid=32&Dept=P
千里江山圖,https://digitalarchive.npm.gov.tw/Painting/Content?pid=14420&Dept=P,https://digitalarchive.npm.gov.tw/Painting/Content?pid=14420&Dept=P
十八學士圖,https://digitalarchive.npm.gov.tw/Painting/Content?pid=14410&Dept=P,https://digitalarchive.npm.gov.tw/Painting/Content?pid=14410&Dept=P
蘇李別意圖,https://digitalarchive.npm.gov.tw/Painting/Content?pid=14018&Dept=P,https://digitalarchive.npm.gov.tw/Painting/Content?pid=14018&Dept=P
魚藻圖,https://digitalarchive.npm.gov.tw/Painting/Content?pid=14430&Dept=P,https://digitalarchive.npm.gov.tw/Painting/Content?pid=14430&Dept=P
擣衣圖,https://digitalarchive.npm.gov.tw/Painting/Content?pid=618&Dept=P,https://digitalarchive.npm.gov.tw/Painting/Content?pid=618&Dept=P
煙江待渡圖,https://digitalarchive.npm.gov.tw/Painting/Content?pid=14400&Dept=P,https://digitalarchive.npm.gov.tw/Painting/Content?pid=14400&Dept=P
蘭亭觀鵝圖,https://digitalarchive.npm.gov.tw/Painting/Content?pid=14409&Dept=P,https://digitalarchive.npm.gov.tw/Painting/Content?pid=14409&Dept=P
畫牡丹,https://digitalarchive.npm.gov.tw/Painting/Content?pid=14431&Dept=P,https://digitalarchive.npm.gov.tw/Painting/Content?pid=14431&Dept=P
重江疊嶂,https://digitalarchive.npm.gov.tw/Painting/Content?pid=942&Dept=P,https://digitalarchive.npm.gov.tw/Painting/Content?pid=942&Dept=P
鵲華秋色,https://digitalarchive.npm.gov.tw/Painting/Content?pid=909&Dept=P,https://digitalarchive.npm.gov.tw/Painting/Content?pid=909&Dept=P
甕牖圖,https://digitalarchive.npm.gov.tw/Painting/Content?pid=625&Dept=P,https://digitalarchive.npm.gov.tw/Painting/Content?pid=625&Dept=P
龍池競渡圖,https://digitalarchive.npm.gov.tw/Painting/Content?pid=1129&Dept=P,https://digitalarchive.npm.gov.tw/Painting/Content?pid=1129&Dept=P
雪竹,https://digitalarchive.npm.gov.tw/Painting/Content?pid=1159&Dept=P,https://digitalarchive.npm.gov.tw/Painting/Content?pid=1159&Dept=P
聚芳亭圖,https://digitalarchive.npm.gov.tw/Painting/Content?pid=1161&Dept=P,https://digitalarchive.npm.gov.tw/Painting/Content?pid=1161&Dept=P
富春山居圖,https://digitalarchive.npm.gov.tw/Painting/Content?pid=1194&Dept=P,https://digitalarchive.npm.gov.tw/Painting/Content?pid=1194&Dept=P
富春山居圖,https://digitalarchive.npm.gov.tw/Painting/Content?pid=1193&Dept=P,https://digitalarchive.npm.gov.tw/Painting/Content?pid=1193&Dept=P
書女孝經(補圖上卷),"https://digitalarchive.npm.gov.tw/Painting/Content?pid=14902&Dept=P
",https://digitalarchive.npm.gov.tw/Painting/Content?pid=14902&Dept=P
書女孝經(補圖上卷 開宗明義章第一),"https://digitalarchive.npm.gov.tw/Painting/Content?pid=17480&Dept=P

",https://digitalarchive.npm.gov.tw/Painting/Content?pid=17480&Dept=P
書女孝經(補圖上卷 后妃章第二),"https://digitalarchive.npm.gov.tw/Painting/Content?pid=17479&Dept=P
",https://digitalarchive.npm.gov.tw/Painting/Content?pid=17479&Dept=P
書女孝經(補圖上卷 夫人章第三),https://digitalarchive.npm.gov.tw/Painting/Content?pid=17481&Dept=P,https://digitalarchive.npm.gov.tw/Painting/Content?pid=17481&Dept=P
書女孝經(補圖上卷 邦君章第四),https://digitalarchive.npm.gov.tw/Painting/Content?pid=17482&Dept=P,https://digitalarchive.npm.gov.tw/Painting/Content?pid=17482&Dept=P
書女孝經(補圖上卷 庶人章第五),https://digitalarchive.npm.gov.tw/Painting/Content?pid=17483&Dept=P,https://digitalarchive.npm.gov.tw/Painting/Content?pid=17483&Dept=P
書女孝經(補圖上卷 事舅姑章第六),https://digitalarchive.npm.gov.tw/Painting/Content?pid=17484&Dept=P,https://digitalarchive.npm.gov.tw/Painting/Content?pid=17484&Dept=P
書女孝經(補圖上卷 三才章第七),https://digitalarchive.npm.gov.tw/Painting/Content?pid=17485&Dept=P,https://digitalarchive.npm.gov.tw/Painting/Content?pid=17485&Dept=P
書女孝經(補圖上卷 孝治章第八),https://digitalarchive.npm.gov.tw/Painting/Content?pid=17486&Dept=P,https://digitalarchive.npm.gov.tw/Painting/Content?pid=17486&Dept=P
書女孝經(補圖上卷 賢明章第九),https://digitalarchive.npm.gov.tw/Painting/Content?pid=17487&Dept=P,https://digitalarchive.npm.gov.tw/Painting/Content?pid=17487&Dept=P
煙雨叢竹,https://digitalarchive.npm.gov.tw/Painting/Content?pid=17466&Dept=P,https://digitalarchive.npm.gov.tw/Painting/Content?pid=17466&Dept=P
梅竹雙清,https://digitalarchive.npm.gov.tw/Painting/Content?pid=1352&Dept=P,https://digitalarchive.npm.gov.tw/Painting/Content?pid=1352&Dept=P
相鶴圖經合璧,https://digitalarchive.npm.gov.tw/Painting/Content?pid=1427&Dept=P,https://digitalarchive.npm.gov.tw/Painting/Content?pid=1427&Dept=P
題倪瓚像,https://digitalarchive.npm.gov.tw/Painting/Content?pid=1429&Dept=P,https://digitalarchive.npm.gov.tw/Painting/Content?pid=1429&Dept=P
枯木竹石,https://digitalarchive.npm.gov.tw/Painting/Content?pid=17465&Dept=P,https://digitalarchive.npm.gov.tw/Painting/Content?pid=17465&Dept=P
煙雨叢竹,https://digitalarchive.npm.gov.tw/Painting/Content?pid=17466&Dept=P,https://digitalarchive.npm.gov.tw/Painting/Content?pid=17466&Dept=P
中山圖,https://digitalarchive.npm.gov.tw/Painting/Content?pid=17468&Dept=P,https://digitalarchive.npm.gov.tw/Painting/Content?pid=17468&Dept=P
山水,https://digitalarchive.npm.gov.tw/Painting/Content?pid=17471&Dept=P,https://digitalarchive.npm.gov.tw/Painting/Content?pid=17471&Dept=P
翠雨軒圖,https://digitalarchive.npm.gov.tw/Painting/Content?pid=17472&Dept=P,https://digitalarchive.npm.gov.tw/Painting/Content?pid=17472&Dept=P
安處齋圖,https://digitalarchive.npm.gov.tw/Painting/Content?pid=17467&Dept=P,https://digitalarchive.npm.gov.tw/Painting/Content?pid=17467&Dept=P
陸羽烹茶圖,https://digitalarchive.npm.gov.tw/Painting/Content?pid=17470&Dept=P,https://digitalarchive.npm.gov.tw/Painting/Content?pid=17470&Dept=P
文姬歸漢圖,"https://digitalarchive.npm.gov.tw/Painting/Content?pid=206&Dept=P
",https://digitalarchive.npm.gov.tw/Painting/Content?pid=206&Dept=P
文姬歸漢圖 (被擄),https://digitalarchive.npm.gov.tw/Painting/Content?pid=207&Dept=P,https://digitalarchive.npm.gov.tw/Painting/Content?pid=207&Dept=P
姬歸漢圖 (北行),https://digitalarchive.npm.gov.tw/Painting/Content?pid=208&Dept=P,https://digitalarchive.npm.gov.tw/Painting/Content?pid=208&Dept=P
文姬歸漢圖 (成親),https://digitalarchive.npm.gov.tw/Painting/Content?pid=209&Dept=P,https://digitalarchive.npm.gov.tw/Painting/Content?pid=209&Dept=P
文姬歸漢圖 (懷鄉),https://digitalarchive.npm.gov.tw/Painting/Content?pid=210&Dept=P,https://digitalarchive.npm.gov.tw/Painting/Content?pid=210&Dept=P
文姬歸漢圖 (炊食),https://digitalarchive.npm.gov.tw/Painting/Content?pid=211&Dept=P,https://digitalarchive.npm.gov.tw/Painting/Content?pid=211&Dept=P
文姬歸漢圖 (觀星),https://digitalarchive.npm.gov.tw/Painting/Content?pid=212&Dept=P,https://digitalarchive.npm.gov.tw/Painting/Content?pid=212&Dept=P
文姬歸漢圖 (聽樂),https://digitalarchive.npm.gov.tw/Painting/Content?pid=213&Dept=P,https://digitalarchive.npm.gov.tw/Painting/Content?pid=213&Dept=P
文姬歸漢圖 (夜思),https://digitalarchive.npm.gov.tw/Painting/Content?pid=214&Dept=P,https://digitalarchive.npm.gov.tw/Painting/Content?pid=214&Dept=P
文姬歸漢圖 (家書),https://digitalarchive.npm.gov.tw/Painting/Content?pid=215&Dept=P,https://digitalarchive.npm.gov.tw/Painting/Content?pid=215&Dept=P
文姬歸漢圖 (產子),"https://digitalarchive.npm.gov.tw/Painting/Content?pid=216&Dept=P
",https://digitalarchive.npm.gov.tw/Painting/Content?pid=216&Dept=P
文姬歸漢圖 (育兒),"https://digitalarchive.npm.gov.tw/Painting/Content?pid=217&Dept=P
",https://digitalarchive.npm.gov.tw/Painting/Content?pid=217&Dept=P
文姬歸漢圖 (來使),https://digitalarchive.npm.gov.tw/Painting/Content?pid=218&Dept=P,https://digitalarchive.npm.gov.tw/Painting/Content?pid=218&Dept=P
文姬歸漢圖 (傷別),"https://digitalarchive.npm.gov.tw/Painting/Content?pid=219&Dept=P
",https://digitalarchive.npm.gov.tw/Painting/Content?pid=219&Dept=P
文姬歸漢圖 (送行),"https://digitalarchive.npm.gov.tw/Painting/Content?pid=220&Dept=P
",https://digitalarchive.npm.gov.tw/Painting/Content?pid=220&Dept=P
文姬歸漢圖 (別後),https://digitalarchive.npm.gov.tw/Painting/Content?pid=221&Dept=P,https://digitalarchive.npm.gov.tw/Painting/Content?pid=221&Dept=P
文姬歸漢圖 (歸途),https://digitalarchive.npm.gov.tw/Painting/Content?pid=222&Dept=P,https://digitalarchive.npm.gov.tw/Painting/Content?pid=222&Dept=P
文姬歸漢圖 (駐足),https://digitalarchive.npm.gov.tw/Painting/Content?pid=223&Dept=P,https://digitalarchive.npm.gov.tw/Painting/Content?pid=223&Dept=P
文姬歸漢圖 (返家),https://digitalarchive.npm.gov.tw/Painting/Content?pid=224&Dept=P,https://digitalarchive.npm.gov.tw/Painting/Content?pid=224&Dept=P
畫四時山水,"https://digitalarchive.npm.gov.tw/Painting/Content?pid=14019&Dept=P
",https://digitalarchive.npm.gov.tw/Painting/Content?pid=14019&Dept=P
畫四時山水 (梅齋罨翠),https://digitalarchive.npm.gov.tw/Painting/Content?pid=3795&Dept=P,https://digitalarchive.npm.gov.tw/Painting/Content?pid=3795&Dept=P
畫四時山水 (荷閣浮香),https://digitalarchive.npm.gov.tw/Painting/Content?pid=3796&Dept=P,https://digitalarchive.npm.gov.tw/Painting/Content?pid=3796&Dept=P
畫四時山水 (巖樹蒸霞),https://digitalarchive.npm.gov.tw/Painting/Content?pid=3797&Dept=P,https://digitalarchive.npm.gov.tw/Painting/Content?pid=3797&Dept=P
畫四時山水 (江舟釣雪),https://digitalarchive.npm.gov.tw/Painting/Content?pid=3798&Dept=P,https://digitalarchive.npm.gov.tw/Painting/Content?pid=3798&Dept=P
畫花卉,"https://digitalarchive.npm.gov.tw/Painting/Content?pid=14020&Dept=P
",https://digitalarchive.npm.gov.tw/Painting/Content?pid=14020&Dept=P
畫花卉 (蛺蝶尋芳),"https://digitalarchive.npm.gov.tw/Painting/Content?pid=3813&Dept=P

",https://digitalarchive.npm.gov.tw/Painting/Content?pid=3813&Dept=P
畫花卉 (上苑韶光),https://digitalarchive.npm.gov.tw/Painting/Content?pid=3814&Dept=P,https://digitalarchive.npm.gov.tw/Painting/Content?pid=3814&Dept=P
畫花卉 (御園嘉卉),https://digitalarchive.npm.gov.tw/Painting/Content?pid=3815&Dept=P,https://digitalarchive.npm.gov.tw/Painting/Content?pid=3815&Dept=P
畫花卉 (清和池沼),https://digitalarchive.npm.gov.tw/Painting/Content?pid=3816&Dept=P,https://digitalarchive.npm.gov.tw/Painting/Content?pid=3816&Dept=P
畫花卉 (瑞露凝香),https://digitalarchive.npm.gov.tw/Painting/Content?pid=3817&Dept=P,https://digitalarchive.npm.gov.tw/Painting/Content?pid=3817&Dept=P
畫花卉 (瓊葩玉映),https://digitalarchive.npm.gov.tw/Painting/Content?pid=3818&Dept=P,https://digitalarchive.npm.gov.tw/Painting/Content?pid=3818&Dept=P
畫花卉 (秋塘曉艷),https://digitalarchive.npm.gov.tw/Painting/Content?pid=3819&Dept=P,https://digitalarchive.npm.gov.tw/Painting/Content?pid=3819&Dept=P
畫花卉 (桂林爽氣),https://digitalarchive.npm.gov.tw/Painting/Content?pid=3820&Dept=P,https://digitalarchive.npm.gov.tw/Painting/Content?pid=3820&Dept=P
墨竹譜,"https://digitalarchive.npm.gov.tw/Painting/Content?pid=183&Dept=P
",https://digitalarchive.npm.gov.tw/Painting/Content?pid=183&Dept=P
墨竹譜 (吳鎮書蘇軾題文同畫竹記),"https://digitalarchive.npm.gov.tw/Painting/Content?pid=184&Dept=P
",https://digitalarchive.npm.gov.tw/Painting/Content?pid=184&Dept=P
墨竹譜 (小坡竹石),"https://digitalarchive.npm.gov.tw/Painting/Content?pid=186&Dept=P

",https://digitalarchive.npm.gov.tw/Painting/Content?pid=186&Dept=P
墨竹譜 (儗與可筆意),https://digitalarchive.npm.gov.tw/Painting/Content?pid=187&Dept=P,https://digitalarchive.npm.gov.tw/Painting/Content?pid=187&Dept=P
墨竹譜 (風雨竹),https://digitalarchive.npm.gov.tw/Painting/Content?pid=188&Dept=P,https://digitalarchive.npm.gov.tw/Painting/Content?pid=188&Dept=P
墨竹譜 (有竹之地人不俗),https://digitalarchive.npm.gov.tw/Painting/Content?pid=189&Dept=P,https://digitalarchive.npm.gov.tw/Painting/Content?pid=189&Dept=P
墨竹譜 (清風動脩竹),https://digitalarchive.npm.gov.tw/Painting/Content?pid=190&Dept=P,https://digitalarchive.npm.gov.tw/Painting/Content?pid=190&Dept=P
墨竹譜 (寫竹破俗),https://digitalarchive.npm.gov.tw/Painting/Content?pid=191&Dept=P,https://digitalarchive.npm.gov.tw/Painting/Content?pid=191&Dept=P
墨竹譜 (晴霏曉日),https://digitalarchive.npm.gov.tw/Painting/Content?pid=192&Dept=P,https://digitalarchive.npm.gov.tw/Painting/Content?pid=192&Dept=P
墨竹譜 (懸崖竹),https://digitalarchive.npm.gov.tw/Painting/Content?pid=193&Dept=P,https://digitalarchive.npm.gov.tw/Painting/Content?pid=193&Dept=P
墨竹譜 (凌空有意),https://digitalarchive.npm.gov.tw/Painting/Content?pid=194&Dept=P,https://digitalarchive.npm.gov.tw/Painting/Content?pid=194&Dept=P
墨竹譜 (戲墨寫竹),"https://digitalarchive.npm.gov.tw/Painting/Content?pid=195&Dept=P
",https://digitalarchive.npm.gov.tw/Painting/Content?pid=195&Dept=P
墨竹譜 (竹窗思闃寥),https://digitalarchive.npm.gov.tw/Painting/Content?pid=196&Dept=P,https://digitalarchive.npm.gov.tw/Painting/Content?pid=196&Dept=P
墨竹譜 (梅花翁寄興),https://digitalarchive.npm.gov.tw/Painting/Content?pid=197&Dept=P,https://digitalarchive.npm.gov.tw/Painting/Content?pid=197&Dept=P
墨竹譜 (一片江南雨),https://digitalarchive.npm.gov.tw/Painting/Content?pid=198&Dept=P,https://digitalarchive.npm.gov.tw/Painting/Content?pid=198&Dept=P
墨竹譜 (簡齋詩意),https://digitalarchive.npm.gov.tw/Painting/Content?pid=199&Dept=P,https://digitalarchive.npm.gov.tw/Painting/Content?pid=199&Dept=P
墨竹譜 (仿息齋畫竹),https://digitalarchive.npm.gov.tw/Painting/Content?pid=200&Dept=P,https://digitalarchive.npm.gov.tw/Painting/Content?pid=200&Dept=P
墨竹譜 (逕深竹倚),https://digitalarchive.npm.gov.tw/Painting/Content?pid=201&Dept=P,https://digitalarchive.npm.gov.tw/Painting/Content?pid=201&Dept=P
墨竹譜 (輕蔭護綠苔),https://digitalarchive.npm.gov.tw/Painting/Content?pid=202&Dept=P,https://digitalarchive.npm.gov.tw/Painting/Content?pid=202&Dept=P
墨竹譜 (清風五百竿),https://digitalarchive.npm.gov.tw/Painting/Content?pid=203&Dept=P,https://digitalarchive.npm.gov.tw/Painting/Content?pid=203&Dept=P
墨竹譜 (玄妙觀竹),https://digitalarchive.npm.gov.tw/Painting/Content?pid=204&Dept=P,https://digitalarchive.npm.gov.tw/Painting/Content?pid=204&Dept=P
墨竹譜 (戲作雪圖),https://digitalarchive.npm.gov.tw/Painting/Content?pid=205&Dept=P,https://digitalarchive.npm.gov.tw/Painting/Content?pid=205&Dept=P
墨竹,"https://digitalarchive.npm.gov.tw/Painting/Content?pid=1443&Dept=P
",https://digitalarchive.npm.gov.tw/Painting/Content?pid=1443&Dept=P
墨竹（一）,"https://digitalarchive.npm.gov.tw/Painting/Content?pid=1447&Dept=P
",https://digitalarchive.npm.gov.tw/Painting/Content?pid=1447&Dept=P
墨竹（二）,"https://digitalarchive.npm.gov.tw/Painting/Content?pid=1448&Dept=P

",https://digitalarchive.npm.gov.tw/Painting/Content?pid=1448&Dept=P
墨竹（三）,https://digitalarchive.npm.gov.tw/Painting/Content?pid=1449&Dept=P,https://digitalarchive.npm.gov.tw/Painting/Content?pid=1449&Dept=P
墨竹（四）,https://digitalarchive.npm.gov.tw/Painting/Content?pid=1450&Dept=P,https://digitalarchive.npm.gov.tw/Painting/Content?pid=1450&Dept=P
墨竹（五）,https://digitalarchive.npm.gov.tw/Painting/Content?pid=1451&Dept=P,https://digitalarchive.npm.gov.tw/Painting/Content?pid=1451&Dept=P
墨竹（六）,"https://digitalarchive.npm.gov.tw/Painting/Content?pid=1452&Dept=P
",https://digitalarchive.npm.gov.tw/Painting/Content?pid=1452&Dept=P
墨竹（七）,https://digitalarchive.npm.gov.tw/Painting/Content?pid=1453&Dept=P,https://digitalarchive.npm.gov.tw/Painting/Content?pid=1453&Dept=P
墨竹（八）,https://digitalarchive.npm.gov.tw/Painting/Content?pid=1454&Dept=P,https://digitalarchive.npm.gov.tw/Painting/Content?pid=1454&Dept=P
墨竹（九),https://digitalarchive.npm.gov.tw/Painting/Content?pid=1455&Dept=P,https://digitalarchive.npm.gov.tw/Painting/Content?pid=1455&Dept=P
墨竹（十）,https://digitalarchive.npm.gov.tw/Painting/Content?pid=1456&Dept=P,https://digitalarchive.npm.gov.tw/Painting/Content?pid=1456&Dept=P
墨竹（十一）,https://digitalarchive.npm.gov.tw/Painting/Content?pid=1457&Dept=P,https://digitalarchive.npm.gov.tw/Painting/Content?pid=1457&Dept=P
墨竹（十二）,https://digitalarchive.npm.gov.tw/Painting/Content?pid=1458&Dept=P,https://digitalarchive.npm.gov.tw/Painting/Content?pid=1458&Dept=P
墨竹（十三）,https://digitalarchive.npm.gov.tw/Painting/Content?pid=1459&Dept=P,https://digitalarchive.npm.gov.tw/Painting/Content?pid=1459&Dept=P
墨竹（十四）,https://digitalarchive.npm.gov.tw/Painting/Content?pid=1460&Dept=P,https://digitalarchive.npm.gov.tw/Painting/Content?pid=1460&Dept=P
墨竹（十五）,https://digitalarchive.npm.gov.tw/Painting/Content?pid=1461&Dept=P,https://digitalarchive.npm.gov.tw/Painting/Content?pid=1461&Dept=P
墨竹（十六）,https://digitalarchive.npm.gov.tw/Painting/Content?pid=1462&Dept=P,https://digitalarchive.npm.gov.tw/Painting/Content?pid=1462&Dept=P
墨竹（十七）,https://digitalarchive.npm.gov.tw/Painting/Content?pid=1463&Dept=P,https://digitalarchive.npm.gov.tw/Painting/Content?pid=1463&Dept=P
墨竹（十八）,https://digitalarchive.npm.gov.tw/Painting/Content?pid=1464&Dept=P,https://digitalarchive.npm.gov.tw/Painting/Content?pid=1464&Dept=P
墨竹 (自書詩),https://digitalarchive.npm.gov.tw/Painting/Content?pid=1465&Dept=P,https://digitalarchive.npm.gov.tw/Painting/Content?pid=1465&Dept=P
墨竹 (書墨竹之法),https://digitalarchive.npm.gov.tw/Painting/Content?pid=1466&Dept=P,https://digitalarchive.npm.gov.tw/Painting/Content?pid=1466&Dept=P
宋高宗書孝經馬和之繪圖,"https://digitalarchive.npm.gov.tw/Painting/Content?pid=237&Dept=P

",https://digitalarchive.npm.gov.tw/Painting/Content?pid=237&Dept=P
宋高宗書孝經馬和之繪圖 (開宗明義章）,https://digitalarchive.npm.gov.tw/Painting/Content?pid=248&Dept=P,https://digitalarchive.npm.gov.tw/Painting/Content?pid=248&Dept=P
宋高宗書孝經馬和之繪圖 (開宗明義章）,https://digitalarchive.npm.gov.tw/Painting/Content?pid=249&Dept=P,https://digitalarchive.npm.gov.tw/Painting/Content?pid=249&Dept=P
宋高宗書孝經馬和之繪圖 (天子章）,https://digitalarchive.npm.gov.tw/Painting/Content?pid=250&Dept=P,https://digitalarchive.npm.gov.tw/Painting/Content?pid=250&Dept=P
宋高宗書孝經馬和之繪圖 (天子章）,https://digitalarchive.npm.gov.tw/Painting/Content?pid=251&Dept=P,https://digitalarchive.npm.gov.tw/Painting/Content?pid=251&Dept=P
宋高宗書孝經馬和之繪圖 (諸侯章）,https://digitalarchive.npm.gov.tw/Painting/Content?pid=252&Dept=P,https://digitalarchive.npm.gov.tw/Painting/Content?pid=252&Dept=P
宋高宗書孝經馬和之繪圖 (諸侯章）,https://digitalarchive.npm.gov.tw/Painting/Content?pid=253&Dept=P,https://digitalarchive.npm.gov.tw/Painting/Content?pid=253&Dept=P
宋高宗書孝經馬和之繪圖 (卿大夫章）,"https://digitalarchive.npm.gov.tw/Painting/Content?pid=254&Dept=P
",https://digitalarchive.npm.gov.tw/Painting/Content?pid=254&Dept=P
宋高宗書孝經馬和之繪圖 (卿大夫章）,https://digitalarchive.npm.gov.tw/Painting/Content?pid=255&Dept=P,https://digitalarchive.npm.gov.tw/Painting/Content?pid=255&Dept=P
宋高宗書孝經馬和之繪圖 (士章）,https://digitalarchive.npm.gov.tw/Painting/Content?pid=256&Dept=P,https://digitalarchive.npm.gov.tw/Painting/Content?pid=256&Dept=P
宋高宗書孝經馬和之繪圖 (士章）,https://digitalarchive.npm.gov.tw/Painting/Content?pid=257&Dept=P,https://digitalarchive.npm.gov.tw/Painting/Content?pid=257&Dept=P
宋高宗書孝經馬和之繪圖 (庶人章）,https://digitalarchive.npm.gov.tw/Painting/Content?pid=258&Dept=P,https://digitalarchive.npm.gov.tw/Painting/Content?pid=258&Dept=P
宋高宗書孝經馬和之繪圖 (庶人章）,https://digitalarchive.npm.gov.tw/Painting/Content?pid=259&Dept=P,https://digitalarchive.npm.gov.tw/Painting/Content?pid=259&Dept=P
宋高宗書孝經馬和之繪圖 (三才章）,https://digitalarchive.npm.gov.tw/Painting/Content?pid=260&Dept=P,https://digitalarchive.npm.gov.tw/Painting/Content?pid=260&Dept=P
宋高宗書孝經馬和之繪圖 (孝治章）,https://digitalarchive.npm.gov.tw/Painting/Content?pid=261&Dept=P,https://digitalarchive.npm.gov.tw/Painting/Content?pid=261&Dept=P
宋高宗書孝經馬和之繪圖 (三才章）,https://digitalarchive.npm.gov.tw/Painting/Content?pid=264&Dept=P,https://digitalarchive.npm.gov.tw/Painting/Content?pid=264&Dept=P
宋高宗書孝經馬和之繪圖 (紀孝行章）,https://digitalarchive.npm.gov.tw/Painting/Content?pid=266&Dept=P,https://digitalarchive.npm.gov.tw/Painting/Content?pid=266&Dept=P
宋高宗書孝經馬和之繪圖 (孝治章）,https://digitalarchive.npm.gov.tw/Painting/Content?pid=268&Dept=P,https://digitalarchive.npm.gov.tw/Painting/Content?pid=268&Dept=P
宋高宗書孝經馬和之繪圖 (聖治章）,https://digitalarchive.npm.gov.tw/Painting/Content?pid=270&Dept=P,https://digitalarchive.npm.gov.tw/Painting/Content?pid=270&Dept=P
宋高宗書孝經馬和之繪圖 (五刑章）,https://digitalarchive.npm.gov.tw/Painting/Content?pid=273&Dept=P,https://digitalarchive.npm.gov.tw/Painting/Content?pid=273&Dept=P
宋高宗書孝經馬和之繪圖 (五刑章）,https://digitalarchive.npm.gov.tw/Painting/Content?pid=275&Dept=P,https://digitalarchive.npm.gov.tw/Painting/Content?pid=275&Dept=P
宋高宗書孝經馬和之繪圖 (廣至德章）,https://digitalarchive.npm.gov.tw/Painting/Content?pid=277&Dept=P,https://digitalarchive.npm.gov.tw/Painting/Content?pid=277&Dept=P
宋高宗書孝經馬和之繪圖 (廣至德章）,https://digitalarchive.npm.gov.tw/Painting/Content?pid=278&Dept=P,https://digitalarchive.npm.gov.tw/Painting/Content?pid=278&Dept=P
宋高宗書孝經馬和之繪圖 (廣揚名章）,https://digitalarchive.npm.gov.tw/Painting/Content?pid=279&Dept=P,https://digitalarchive.npm.gov.tw/Painting/Content?pid=279&Dept=P
宋高宗書孝經馬和之繪圖 (廣揚名章）,https://digitalarchive.npm.gov.tw/Painting/Content?pid=280&Dept=P,https://digitalarchive.npm.gov.tw/Painting/Content?pid=280&Dept=P
宋高宗書孝經馬和之繪圖 (諫爭章）,https://digitalarchive.npm.gov.tw/Painting/Content?pid=281&Dept=P,https://digitalarchive.npm.gov.tw/Painting/Content?pid=281&Dept=P
宋高宗書孝經馬和之繪圖 (諫爭章）,https://digitalarchive.npm.gov.tw/Painting/Content?pid=282&Dept=P,https://digitalarchive.npm.gov.tw/Painting/Content?pid=282&Dept=P
宋高宗書孝經馬和之繪圖 (感應章）,https://digitalarchive.npm.gov.tw/Painting/Content?pid=286&Dept=P,https://digitalarchive.npm.gov.tw/Painting/Content?pid=286&Dept=P
宋高宗書孝經馬和之繪圖 (感應章）,https://digitalarchive.npm.gov.tw/Painting/Content?pid=289&Dept=P,https://digitalarchive.npm.gov.tw/Painting/Content?pid=289&Dept=P
宋高宗書孝經馬和之繪圖 (事君章）,https://digitalarchive.npm.gov.tw/Painting/Content?pid=291&Dept=P,https://digitalarchive.npm.gov.tw/Painting/Content?pid=291&Dept=P
宋高宗書孝經馬和之繪圖 (事君章）,https://digitalarchive.npm.gov.tw/Painting/Content?pid=292&Dept=P,https://digitalarchive.npm.gov.tw/Painting/Content?pid=292&Dept=P
宋高宗書孝經馬和之繪圖 (喪親章）,"https://digitalarchive.npm.gov.tw/Painting/Content?pid=293&Dept=P
",https://digitalarchive.npm.gov.tw/Painting/Content?pid=293&Dept=P
宋高宗書孝經馬和之繪圖 (喪親章）,https://digitalarchive.npm.gov.tw/Painting/Content?pid=294&Dept=P,https://digitalarchive.npm.gov.tw/Painting/Content?pid=294&Dept=P
